DEBUG - 2025-06-14 15:04:24 --> Session: Class initialized using 'CodeIgniter\Session\Handlers\FileHandler' driver.
DEBUG - 2025-06-14 15:04:26 --> Session: Class initialized using 'CodeIgniter\Session\Handlers\FileHandler' driver.
DEBUG - 2025-06-14 15:04:30 --> Session: Class initialized using 'CodeIgniter\Session\Handlers\FileHandler' driver.
DEBUG - 2025-06-14 15:04:53 --> Session: Class initialized using 'CodeIgniter\Session\Handlers\FileHandler' driver.
DEBUG - 2025-06-14 15:05:03 --> Session: Class initialized using 'CodeIgniter\Session\Handlers\FileHandler' driver.
DEBUG - 2025-06-14 15:05:03 --> Session: Class initialized using 'CodeIgniter\Session\Handlers\FileHandler' driver.
DEBUG - 2025-06-14 15:05:14 --> Session: Class initialized using 'CodeIgniter\Session\Handlers\FileHandler' driver.
DEBUG - 2025-06-14 15:05:19 --> Session: Class initialized using 'CodeIgniter\Session\Handlers\FileHandler' driver.
DEBUG - 2025-06-14 15:05:36 --> Session: Class initialized using 'CodeIgniter\Session\Handlers\FileHandler' driver.
CRITICAL - 2025-06-14 15:05:36 --> ErrorException: Undefined array key "titulo_videojuego"
[Method: GET, Route: listar_ventas]
in APPPATH\Views\contenido\admin_ventas.php on line 23.
 1 APPPATH\Views\contenido\admin_ventas.php(23): CodeIgniter\Debug\Exceptions->errorHandler(2, 'Undefined array key "titulo_videojuego"', 'C:\\xampp\\htdocs\\proyecto_firmapaz_gabriel\\app\\Views\\contenido\\admin_ventas.php', 23)
 2 SYSTEMPATH\View\View.php(224): include('C:\\xampp\\htdocs\\proyecto_firmapaz_gabriel\\app\\Views\\contenido\\admin_ventas.php')
 3 SYSTEMPATH\View\View.php(227): CodeIgniter\View\View->CodeIgniter\View\{closure}()
 4 SYSTEMPATH\Common.php(1173): CodeIgniter\View\View->render('contenido/admin_ventas', [], true)
 5 APPPATH\Controllers\Admin_controller.php(76): view('contenido/admin_ventas', [...])
 6 SYSTEMPATH\CodeIgniter.php(933): App\Controllers\Admin_controller->listar_ventas()
 7 SYSTEMPATH\CodeIgniter.php(507): CodeIgniter\CodeIgniter->runController(Object(App\Controllers\Admin_controller))
 8 SYSTEMPATH\CodeIgniter.php(354): CodeIgniter\CodeIgniter->handleRequest(null, Object(Config\Cache), false)
 9 SYSTEMPATH\Boot.php(334): CodeIgniter\CodeIgniter->run()
10 SYSTEMPATH\Boot.php(67): CodeIgniter\Boot::runCodeIgniter(Object(CodeIgniter\CodeIgniter))
11 FCPATH\index.php(56): CodeIgniter\Boot::bootWeb(Object(Config\Paths))
DEBUG - 2025-06-14 15:49:36 --> Session: Class initialized using 'CodeIgniter\Session\Handlers\FileHandler' driver.
DEBUG - 2025-06-14 15:49:41 --> Session: Class initialized using 'CodeIgniter\Session\Handlers\FileHandler' driver.
DEBUG - 2025-06-14 15:49:41 --> Session: Class initialized using 'CodeIgniter\Session\Handlers\FileHandler' driver.
DEBUG - 2025-06-14 15:49:54 --> Session: Class initialized using 'CodeIgniter\Session\Handlers\FileHandler' driver.
DEBUG - 2025-06-14 15:49:55 --> Session: Class initialized using 'CodeIgniter\Session\Handlers\FileHandler' driver.
DEBUG - 2025-06-14 15:49:55 --> Session: Class initialized using 'CodeIgniter\Session\Handlers\FileHandler' driver.
DEBUG - 2025-06-14 15:50:00 --> Session: Class initialized using 'CodeIgniter\Session\Handlers\FileHandler' driver.
INFO - 2025-06-14 15:50:00 --> Cart Class Initialized
DEBUG - 2025-06-14 15:50:02 --> Session: Class initialized using 'CodeIgniter\Session\Handlers\FileHandler' driver.
DEBUG - 2025-06-14 15:50:05 --> Session: Class initialized using 'CodeIgniter\Session\Handlers\FileHandler' driver.
INFO - 2025-06-14 15:50:05 --> Cart Class Initialized
DEBUG - 2025-06-14 15:50:05 --> Session: Class initialized using 'CodeIgniter\Session\Handlers\FileHandler' driver.
INFO - 2025-06-14 15:50:05 --> Cart Class Initialized
DEBUG - 2025-06-14 15:51:22 --> Session: Class initialized using 'CodeIgniter\Session\Handlers\FileHandler' driver.
INFO - 2025-06-14 15:51:22 --> Cart Class Initialized
DEBUG - 2025-06-14 15:51:24 --> Session: Class initialized using 'CodeIgniter\Session\Handlers\FileHandler' driver.
INFO - 2025-06-14 15:51:24 --> Cart Class Initialized
DEBUG - 2025-06-14 15:51:24 --> Session: Class initialized using 'CodeIgniter\Session\Handlers\FileHandler' driver.
DEBUG - 2025-06-14 15:53:14 --> Session: Class initialized using 'CodeIgniter\Session\Handlers\FileHandler' driver.
DEBUG - 2025-06-14 15:53:14 --> Session: Class initialized using 'CodeIgniter\Session\Handlers\FileHandler' driver.
DEBUG - 2025-06-14 15:53:24 --> Session: Class initialized using 'CodeIgniter\Session\Handlers\FileHandler' driver.
DEBUG - 2025-06-14 15:53:24 --> Session: Class initialized using 'CodeIgniter\Session\Handlers\FileHandler' driver.
DEBUG - 2025-06-14 15:53:27 --> Session: Class initialized using 'CodeIgniter\Session\Handlers\FileHandler' driver.
CRITICAL - 2025-06-14 15:53:27 --> ErrorException: Undefined array key "titulo_videojuego"
[Method: GET, Route: listar_ventas]
in APPPATH\Views\contenido\admin_ventas.php on line 23.
 1 APPPATH\Views\contenido\admin_ventas.php(23): CodeIgniter\Debug\Exceptions->errorHandler(2, 'Undefined array key "titulo_videojuego"', 'C:\\xampp\\htdocs\\proyecto_firmapaz_gabriel\\app\\Views\\contenido\\admin_ventas.php', 23)
 2 SYSTEMPATH\View\View.php(224): include('C:\\xampp\\htdocs\\proyecto_firmapaz_gabriel\\app\\Views\\contenido\\admin_ventas.php')
 3 SYSTEMPATH\View\View.php(227): CodeIgniter\View\View->CodeIgniter\View\{closure}()
 4 SYSTEMPATH\Common.php(1173): CodeIgniter\View\View->render('contenido/admin_ventas', [], true)
 5 APPPATH\Controllers\Admin_controller.php(76): view('contenido/admin_ventas', [...])
 6 SYSTEMPATH\CodeIgniter.php(933): App\Controllers\Admin_controller->listar_ventas()
 7 SYSTEMPATH\CodeIgniter.php(507): CodeIgniter\CodeIgniter->runController(Object(App\Controllers\Admin_controller))
 8 SYSTEMPATH\CodeIgniter.php(354): CodeIgniter\CodeIgniter->handleRequest(null, Object(Config\Cache), false)
 9 SYSTEMPATH\Boot.php(334): CodeIgniter\CodeIgniter->run()
10 SYSTEMPATH\Boot.php(67): CodeIgniter\Boot::runCodeIgniter(Object(CodeIgniter\CodeIgniter))
11 FCPATH\index.php(56): CodeIgniter\Boot::bootWeb(Object(Config\Paths))
DEBUG - 2025-06-14 16:10:47 --> Session: Class initialized using 'CodeIgniter\Session\Handlers\FileHandler' driver.
CRITICAL - 2025-06-14 16:10:47 --> ErrorException: Undefined variable $ventas
[Method: GET, Route: listar_ventas]
in APPPATH\Controllers\Admin_controller.php on line 76.
 1 APPPATH\Controllers\Admin_controller.php(76): CodeIgniter\Debug\Exceptions->errorHandler(2, 'Undefined variable $ventas', 'C:\\xampp\\htdocs\\proyecto_firmapaz_gabriel\\app\\Controllers\\Admin_controller.php', 76)
 2 SYSTEMPATH\CodeIgniter.php(933): App\Controllers\Admin_controller->listar_ventas()
 3 SYSTEMPATH\CodeIgniter.php(507): CodeIgniter\CodeIgniter->runController(Object(App\Controllers\Admin_controller))
 4 SYSTEMPATH\CodeIgniter.php(354): CodeIgniter\CodeIgniter->handleRequest(null, Object(Config\Cache), false)
 5 SYSTEMPATH\Boot.php(334): CodeIgniter\CodeIgniter->run()
 6 SYSTEMPATH\Boot.php(67): CodeIgniter\Boot::runCodeIgniter(Object(CodeIgniter\CodeIgniter))
 7 FCPATH\index.php(56): CodeIgniter\Boot::bootWeb(Object(Config\Paths))
DEBUG - 2025-06-14 16:11:06 --> Session: Class initialized using 'CodeIgniter\Session\Handlers\FileHandler' driver.
CRITICAL - 2025-06-14 16:11:06 --> ErrorException: Undefined array key ""
[Method: GET, Route: listar_ventas]
in APPPATH\Views\contenido\admin_ventas.php on line 25.
 1 APPPATH\Views\contenido\admin_ventas.php(25): CodeIgniter\Debug\Exceptions->errorHandler(2, 'Undefined array key ""', 'C:\\xampp\\htdocs\\proyecto_firmapaz_gabriel\\app\\Views\\contenido\\admin_ventas.php', 25)
 2 SYSTEMPATH\View\View.php(224): include('C:\\xampp\\htdocs\\proyecto_firmapaz_gabriel\\app\\Views\\contenido\\admin_ventas.php')
 3 SYSTEMPATH\View\View.php(227): CodeIgniter\View\View->CodeIgniter\View\{closure}()
 4 SYSTEMPATH\Common.php(1173): CodeIgniter\View\View->render('contenido/admin_ventas', [], true)
 5 APPPATH\Controllers\Admin_controller.php(76): view('contenido/admin_ventas', [...])
 6 SYSTEMPATH\CodeIgniter.php(933): App\Controllers\Admin_controller->listar_ventas()
 7 SYSTEMPATH\CodeIgniter.php(507): CodeIgniter\CodeIgniter->runController(Object(App\Controllers\Admin_controller))
 8 SYSTEMPATH\CodeIgniter.php(354): CodeIgniter\CodeIgniter->handleRequest(null, Object(Config\Cache), false)
 9 SYSTEMPATH\Boot.php(334): CodeIgniter\CodeIgniter->run()
10 SYSTEMPATH\Boot.php(67): CodeIgniter\Boot::runCodeIgniter(Object(CodeIgniter\CodeIgniter))
11 FCPATH\index.php(56): CodeIgniter\Boot::bootWeb(Object(Config\Paths))
DEBUG - 2025-06-14 16:11:22 --> Session: Class initialized using 'CodeIgniter\Session\Handlers\FileHandler' driver.
CRITICAL - 2025-06-14 16:11:22 --> ErrorException: Undefined array key "id_mensaje"
[Method: GET, Route: listar_ventas]
in APPPATH\Views\contenido\admin_ventas.php on line 25.
 1 APPPATH\Views\contenido\admin_ventas.php(25): CodeIgniter\Debug\Exceptions->errorHandler(2, 'Undefined array key "id_mensaje"', 'C:\\xampp\\htdocs\\proyecto_firmapaz_gabriel\\app\\Views\\contenido\\admin_ventas.php', 25)
 2 SYSTEMPATH\View\View.php(224): include('C:\\xampp\\htdocs\\proyecto_firmapaz_gabriel\\app\\Views\\contenido\\admin_ventas.php')
 3 SYSTEMPATH\View\View.php(227): CodeIgniter\View\View->CodeIgniter\View\{closure}()
 4 SYSTEMPATH\Common.php(1173): CodeIgniter\View\View->render('contenido/admin_ventas', [], true)
 5 APPPATH\Controllers\Admin_controller.php(76): view('contenido/admin_ventas', [...])
 6 SYSTEMPATH\CodeIgniter.php(933): App\Controllers\Admin_controller->listar_ventas()
 7 SYSTEMPATH\CodeIgniter.php(507): CodeIgniter\CodeIgniter->runController(Object(App\Controllers\Admin_controller))
 8 SYSTEMPATH\CodeIgniter.php(354): CodeIgniter\CodeIgniter->handleRequest(null, Object(Config\Cache), false)
 9 SYSTEMPATH\Boot.php(334): CodeIgniter\CodeIgniter->run()
10 SYSTEMPATH\Boot.php(67): CodeIgniter\Boot::runCodeIgniter(Object(CodeIgniter\CodeIgniter))
11 FCPATH\index.php(56): CodeIgniter\Boot::bootWeb(Object(Config\Paths))
DEBUG - 2025-06-14 16:11:39 --> Session: Class initialized using 'CodeIgniter\Session\Handlers\FileHandler' driver.
DEBUG - 2025-06-14 16:15:34 --> Session: Class initialized using 'CodeIgniter\Session\Handlers\FileHandler' driver.
DEBUG - 2025-06-14 16:16:19 --> Session: Class initialized using 'CodeIgniter\Session\Handlers\FileHandler' driver.
DEBUG - 2025-06-14 16:17:36 --> Session: Class initialized using 'CodeIgniter\Session\Handlers\FileHandler' driver.
DEBUG - 2025-06-14 16:24:33 --> Session: Class initialized using 'CodeIgniter\Session\Handlers\FileHandler' driver.
DEBUG - 2025-06-14 16:24:41 --> Session: Class initialized using 'CodeIgniter\Session\Handlers\FileHandler' driver.
DEBUG - 2025-06-14 16:24:42 --> Session: Class initialized using 'CodeIgniter\Session\Handlers\FileHandler' driver.
DEBUG - 2025-06-14 16:33:34 --> Session: Class initialized using 'CodeIgniter\Session\Handlers\FileHandler' driver.
DEBUG - 2025-06-14 16:33:34 --> Session: Class initialized using 'CodeIgniter\Session\Handlers\FileHandler' driver.
DEBUG - 2025-06-14 16:33:39 --> Session: Class initialized using 'CodeIgniter\Session\Handlers\FileHandler' driver.
INFO - 2025-06-14 16:33:39 --> Cart Class Initialized
DEBUG - 2025-06-14 16:33:41 --> Session: Class initialized using 'CodeIgniter\Session\Handlers\FileHandler' driver.
DEBUG - 2025-06-14 16:33:44 --> Session: Class initialized using 'CodeIgniter\Session\Handlers\FileHandler' driver.
INFO - 2025-06-14 16:33:44 --> Cart Class Initialized
DEBUG - 2025-06-14 16:33:44 --> Session: Class initialized using 'CodeIgniter\Session\Handlers\FileHandler' driver.
INFO - 2025-06-14 16:33:44 --> Cart Class Initialized
DEBUG - 2025-06-14 16:33:52 --> Session: Class initialized using 'CodeIgniter\Session\Handlers\FileHandler' driver.
DEBUG - 2025-06-14 16:33:57 --> Session: Class initialized using 'CodeIgniter\Session\Handlers\FileHandler' driver.
INFO - 2025-06-14 16:33:57 --> Cart Class Initialized
DEBUG - 2025-06-14 16:33:57 --> Session: Class initialized using 'CodeIgniter\Session\Handlers\FileHandler' driver.
INFO - 2025-06-14 16:33:57 --> Cart Class Initialized
DEBUG - 2025-06-14 16:33:59 --> Session: Class initialized using 'CodeIgniter\Session\Handlers\FileHandler' driver.
INFO - 2025-06-14 16:33:59 --> Cart Class Initialized
CRITICAL - 2025-06-14 16:33:59 --> ErrorException: Undefined variable $total
[Method: GET, Route: ventas]
in APPPATH\Controllers\Carrito_controller.php on line 63.
 1 APPPATH\Controllers\Carrito_controller.php(63): CodeIgniter\Debug\Exceptions->errorHandler(2, 'Undefined variable $total', 'C:\\xampp\\htdocs\\proyecto_firmapaz_gabriel\\app\\Controllers\\Carrito_controller.php', 63)
 2 SYSTEMPATH\CodeIgniter.php(933): App\Controllers\Carrito_controller->guardar_venta()
 3 SYSTEMPATH\CodeIgniter.php(507): CodeIgniter\CodeIgniter->runController(Object(App\Controllers\Carrito_controller))
 4 SYSTEMPATH\CodeIgniter.php(354): CodeIgniter\CodeIgniter->handleRequest(null, Object(Config\Cache), false)
 5 SYSTEMPATH\Boot.php(334): CodeIgniter\CodeIgniter->run()
 6 SYSTEMPATH\Boot.php(67): CodeIgniter\Boot::runCodeIgniter(Object(CodeIgniter\CodeIgniter))
 7 FCPATH\index.php(56): CodeIgniter\Boot::bootWeb(Object(Config\Paths))
DEBUG - 2025-06-14 16:39:59 --> Session: Class initialized using 'CodeIgniter\Session\Handlers\FileHandler' driver.
INFO - 2025-06-14 16:39:59 --> Cart Class Initialized
ERROR - 2025-06-14 16:39:59 --> mysqli_sql_exception: Column 'total_venta' cannot be null in C:\xampp\htdocs\proyecto_firmapaz_gabriel\system\Database\MySQLi\Connection.php:327
Stack trace:
#0 C:\xampp\htdocs\proyecto_firmapaz_gabriel\system\Database\MySQLi\Connection.php(327): mysqli->query('INSERT INTO `ve...', 0)
#1 C:\xampp\htdocs\proyecto_firmapaz_gabriel\system\Database\BaseConnection.php(738): CodeIgniter\Database\MySQLi\Connection->execute('INSERT INTO `ve...')
#2 C:\xampp\htdocs\proyecto_firmapaz_gabriel\system\Database\BaseConnection.php(652): CodeIgniter\Database\BaseConnection->simpleQuery('INSERT INTO `ve...')
#3 C:\xampp\htdocs\proyecto_firmapaz_gabriel\system\Database\BaseBuilder.php(2345): CodeIgniter\Database\BaseConnection->query('INSERT INTO `ve...', Array, false)
#4 C:\xampp\htdocs\proyecto_firmapaz_gabriel\system\Model.php(394): CodeIgniter\Database\BaseBuilder->insert()
#5 C:\xampp\htdocs\proyecto_firmapaz_gabriel\system\BaseModel.php(839): CodeIgniter\Model->doInsert(Array)
#6 C:\xampp\htdocs\proyecto_firmapaz_gabriel\system\Model.php(800): CodeIgniter\BaseModel->insert(Array, true)
#7 C:\xampp\htdocs\proyecto_firmapaz_gabriel\app\Controllers\Carrito_controller.php(66): CodeIgniter\Model->insert(Array)
#8 C:\xampp\htdocs\proyecto_firmapaz_gabriel\system\CodeIgniter.php(933): App\Controllers\Carrito_controller->guardar_venta()
#9 C:\xampp\htdocs\proyecto_firmapaz_gabriel\system\CodeIgniter.php(507): CodeIgniter\CodeIgniter->runController(Object(App\Controllers\Carrito_controller))
#10 C:\xampp\htdocs\proyecto_firmapaz_gabriel\system\CodeIgniter.php(354): CodeIgniter\CodeIgniter->handleRequest(NULL, Object(Config\Cache), false)
#11 C:\xampp\htdocs\proyecto_firmapaz_gabriel\system\Boot.php(334): CodeIgniter\CodeIgniter->run()
#12 C:\xampp\htdocs\proyecto_firmapaz_gabriel\system\Boot.php(67): CodeIgniter\Boot::runCodeIgniter(Object(CodeIgniter\CodeIgniter))
#13 C:\xampp\htdocs\proyecto_firmapaz_gabriel\index.php(56): CodeIgniter\Boot::bootWeb(Object(Config\Paths))
#14 {main}
CRITICAL - 2025-06-14 16:39:59 --> CodeIgniter\Database\Exceptions\DatabaseException: Column 'total_venta' cannot be null
[Method: GET, Route: ventas]
in SYSTEMPATH\Database\BaseConnection.php on line 692.
 1 SYSTEMPATH\Database\BaseBuilder.php(2345): CodeIgniter\Database\BaseConnection->query('INSERT INTO `venta` (`persona_id`, `fecha_venta`, `total_venta`) VALUES (:persona_id:, :fecha_venta:, :total_venta:)', [...], false)
 2 SYSTEMPATH\Model.php(394): CodeIgniter\Database\BaseBuilder->insert()
 3 SYSTEMPATH\BaseModel.php(839): CodeIgniter\Model->doInsert([...])
 4 SYSTEMPATH\Model.php(800): CodeIgniter\BaseModel->insert([...], true)
 5 APPPATH\Controllers\Carrito_controller.php(66): CodeIgniter\Model->insert([...])
 6 SYSTEMPATH\CodeIgniter.php(933): App\Controllers\Carrito_controller->guardar_venta()
 7 SYSTEMPATH\CodeIgniter.php(507): CodeIgniter\CodeIgniter->runController(Object(App\Controllers\Carrito_controller))
 8 SYSTEMPATH\CodeIgniter.php(354): CodeIgniter\CodeIgniter->handleRequest(null, Object(Config\Cache), false)
 9 SYSTEMPATH\Boot.php(334): CodeIgniter\CodeIgniter->run()
10 SYSTEMPATH\Boot.php(67): CodeIgniter\Boot::runCodeIgniter(Object(CodeIgniter\CodeIgniter))
11 FCPATH\index.php(56): CodeIgniter\Boot::bootWeb(Object(Config\Paths))
CRITICAL - 2025-06-14 16:39:59 --> [Caused by] CodeIgniter\Database\Exceptions\DatabaseException: Column 'total_venta' cannot be null
in SYSTEMPATH\Database\MySQLi\Connection.php on line 332.
 1 SYSTEMPATH\Database\BaseConnection.php(738): CodeIgniter\Database\MySQLi\Connection->execute('INSERT INTO `venta` (`persona_id`, `fecha_venta`, `total_venta`) VALUES (\'6\', \'2025-06-14\', NULL)')
 2 SYSTEMPATH\Database\BaseConnection.php(652): CodeIgniter\Database\BaseConnection->simpleQuery('INSERT INTO `venta` (`persona_id`, `fecha_venta`, `total_venta`) VALUES (\'6\', \'2025-06-14\', NULL)')
 3 SYSTEMPATH\Database\BaseBuilder.php(2345): CodeIgniter\Database\BaseConnection->query('INSERT INTO `venta` (`persona_id`, `fecha_venta`, `total_venta`) VALUES (:persona_id:, :fecha_venta:, :total_venta:)', [...], false)
 4 SYSTEMPATH\Model.php(394): CodeIgniter\Database\BaseBuilder->insert()
 5 SYSTEMPATH\BaseModel.php(839): CodeIgniter\Model->doInsert([...])
 6 SYSTEMPATH\Model.php(800): CodeIgniter\BaseModel->insert([...], true)
 7 APPPATH\Controllers\Carrito_controller.php(66): CodeIgniter\Model->insert([...])
 8 SYSTEMPATH\CodeIgniter.php(933): App\Controllers\Carrito_controller->guardar_venta()
 9 SYSTEMPATH\CodeIgniter.php(507): CodeIgniter\CodeIgniter->runController(Object(App\Controllers\Carrito_controller))
10 SYSTEMPATH\CodeIgniter.php(354): CodeIgniter\CodeIgniter->handleRequest(null, Object(Config\Cache), false)
11 SYSTEMPATH\Boot.php(334): CodeIgniter\CodeIgniter->run()
12 SYSTEMPATH\Boot.php(67): CodeIgniter\Boot::runCodeIgniter(Object(CodeIgniter\CodeIgniter))
13 FCPATH\index.php(56): CodeIgniter\Boot::bootWeb(Object(Config\Paths))
CRITICAL - 2025-06-14 16:39:59 --> [Caused by] mysqli_sql_exception: Column 'total_venta' cannot be null
in SYSTEMPATH\Database\MySQLi\Connection.php on line 327.
 1 SYSTEMPATH\Database\MySQLi\Connection.php(327): mysqli->query('INSERT INTO `venta` (`persona_id`, `fecha_venta`, `total_venta`) VALUES (\'6\', \'2025-06-14\', NULL)', 0)
 2 SYSTEMPATH\Database\BaseConnection.php(738): CodeIgniter\Database\MySQLi\Connection->execute('INSERT INTO `venta` (`persona_id`, `fecha_venta`, `total_venta`) VALUES (\'6\', \'2025-06-14\', NULL)')
 3 SYSTEMPATH\Database\BaseConnection.php(652): CodeIgniter\Database\BaseConnection->simpleQuery('INSERT INTO `venta` (`persona_id`, `fecha_venta`, `total_venta`) VALUES (\'6\', \'2025-06-14\', NULL)')
 4 SYSTEMPATH\Database\BaseBuilder.php(2345): CodeIgniter\Database\BaseConnection->query('INSERT INTO `venta` (`persona_id`, `fecha_venta`, `total_venta`) VALUES (:persona_id:, :fecha_venta:, :total_venta:)', [...], false)
 5 SYSTEMPATH\Model.php(394): CodeIgniter\Database\BaseBuilder->insert()
 6 SYSTEMPATH\BaseModel.php(839): CodeIgniter\Model->doInsert([...])
 7 SYSTEMPATH\Model.php(800): CodeIgniter\BaseModel->insert([...], true)
 8 APPPATH\Controllers\Carrito_controller.php(66): CodeIgniter\Model->insert([...])
 9 SYSTEMPATH\CodeIgniter.php(933): App\Controllers\Carrito_controller->guardar_venta()
10 SYSTEMPATH\CodeIgniter.php(507): CodeIgniter\CodeIgniter->runController(Object(App\Controllers\Carrito_controller))
11 SYSTEMPATH\CodeIgniter.php(354): CodeIgniter\CodeIgniter->handleRequest(null, Object(Config\Cache), false)
12 SYSTEMPATH\Boot.php(334): CodeIgniter\CodeIgniter->run()
13 SYSTEMPATH\Boot.php(67): CodeIgniter\Boot::runCodeIgniter(Object(CodeIgniter\CodeIgniter))
14 FCPATH\index.php(56): CodeIgniter\Boot::bootWeb(Object(Config\Paths))
DEBUG - 2025-06-14 16:42:48 --> Session: Class initialized using 'CodeIgniter\Session\Handlers\FileHandler' driver.
INFO - 2025-06-14 16:42:48 --> Cart Class Initialized
ERROR - 2025-06-14 16:42:48 --> mysqli_sql_exception: Column 'total_venta' cannot be null in C:\xampp\htdocs\proyecto_firmapaz_gabriel\system\Database\MySQLi\Connection.php:327
Stack trace:
#0 C:\xampp\htdocs\proyecto_firmapaz_gabriel\system\Database\MySQLi\Connection.php(327): mysqli->query('INSERT INTO `ve...', 0)
#1 C:\xampp\htdocs\proyecto_firmapaz_gabriel\system\Database\BaseConnection.php(738): CodeIgniter\Database\MySQLi\Connection->execute('INSERT INTO `ve...')
#2 C:\xampp\htdocs\proyecto_firmapaz_gabriel\system\Database\BaseConnection.php(652): CodeIgniter\Database\BaseConnection->simpleQuery('INSERT INTO `ve...')
#3 C:\xampp\htdocs\proyecto_firmapaz_gabriel\system\Database\BaseBuilder.php(2345): CodeIgniter\Database\BaseConnection->query('INSERT INTO `ve...', Array, false)
#4 C:\xampp\htdocs\proyecto_firmapaz_gabriel\system\Model.php(394): CodeIgniter\Database\BaseBuilder->insert()
#5 C:\xampp\htdocs\proyecto_firmapaz_gabriel\system\BaseModel.php(839): CodeIgniter\Model->doInsert(Array)
#6 C:\xampp\htdocs\proyecto_firmapaz_gabriel\system\Model.php(800): CodeIgniter\BaseModel->insert(Array, true)
#7 C:\xampp\htdocs\proyecto_firmapaz_gabriel\app\Controllers\Carrito_controller.php(66): CodeIgniter\Model->insert(Array)
#8 C:\xampp\htdocs\proyecto_firmapaz_gabriel\system\CodeIgniter.php(933): App\Controllers\Carrito_controller->guardar_venta()
#9 C:\xampp\htdocs\proyecto_firmapaz_gabriel\system\CodeIgniter.php(507): CodeIgniter\CodeIgniter->runController(Object(App\Controllers\Carrito_controller))
#10 C:\xampp\htdocs\proyecto_firmapaz_gabriel\system\CodeIgniter.php(354): CodeIgniter\CodeIgniter->handleRequest(NULL, Object(Config\Cache), false)
#11 C:\xampp\htdocs\proyecto_firmapaz_gabriel\system\Boot.php(334): CodeIgniter\CodeIgniter->run()
#12 C:\xampp\htdocs\proyecto_firmapaz_gabriel\system\Boot.php(67): CodeIgniter\Boot::runCodeIgniter(Object(CodeIgniter\CodeIgniter))
#13 C:\xampp\htdocs\proyecto_firmapaz_gabriel\index.php(56): CodeIgniter\Boot::bootWeb(Object(Config\Paths))
#14 {main}
CRITICAL - 2025-06-14 16:42:48 --> CodeIgniter\Database\Exceptions\DatabaseException: Column 'total_venta' cannot be null
[Method: GET, Route: ventas]
in SYSTEMPATH\Database\BaseConnection.php on line 692.
 1 SYSTEMPATH\Database\BaseBuilder.php(2345): CodeIgniter\Database\BaseConnection->query('INSERT INTO `venta` (`persona_id`, `fecha_venta`, `total_venta`) VALUES (:persona_id:, :fecha_venta:, :total_venta:)', [...], false)
 2 SYSTEMPATH\Model.php(394): CodeIgniter\Database\BaseBuilder->insert()
 3 SYSTEMPATH\BaseModel.php(839): CodeIgniter\Model->doInsert([...])
 4 SYSTEMPATH\Model.php(800): CodeIgniter\BaseModel->insert([...], true)
 5 APPPATH\Controllers\Carrito_controller.php(66): CodeIgniter\Model->insert([...])
 6 SYSTEMPATH\CodeIgniter.php(933): App\Controllers\Carrito_controller->guardar_venta()
 7 SYSTEMPATH\CodeIgniter.php(507): CodeIgniter\CodeIgniter->runController(Object(App\Controllers\Carrito_controller))
 8 SYSTEMPATH\CodeIgniter.php(354): CodeIgniter\CodeIgniter->handleRequest(null, Object(Config\Cache), false)
 9 SYSTEMPATH\Boot.php(334): CodeIgniter\CodeIgniter->run()
10 SYSTEMPATH\Boot.php(67): CodeIgniter\Boot::runCodeIgniter(Object(CodeIgniter\CodeIgniter))
11 FCPATH\index.php(56): CodeIgniter\Boot::bootWeb(Object(Config\Paths))
CRITICAL - 2025-06-14 16:42:48 --> [Caused by] CodeIgniter\Database\Exceptions\DatabaseException: Column 'total_venta' cannot be null
in SYSTEMPATH\Database\MySQLi\Connection.php on line 332.
 1 SYSTEMPATH\Database\BaseConnection.php(738): CodeIgniter\Database\MySQLi\Connection->execute('INSERT INTO `venta` (`persona_id`, `fecha_venta`, `total_venta`) VALUES (\'6\', \'2025-06-14\', NULL)')
 2 SYSTEMPATH\Database\BaseConnection.php(652): CodeIgniter\Database\BaseConnection->simpleQuery('INSERT INTO `venta` (`persona_id`, `fecha_venta`, `total_venta`) VALUES (\'6\', \'2025-06-14\', NULL)')
 3 SYSTEMPATH\Database\BaseBuilder.php(2345): CodeIgniter\Database\BaseConnection->query('INSERT INTO `venta` (`persona_id`, `fecha_venta`, `total_venta`) VALUES (:persona_id:, :fecha_venta:, :total_venta:)', [...], false)
 4 SYSTEMPATH\Model.php(394): CodeIgniter\Database\BaseBuilder->insert()
 5 SYSTEMPATH\BaseModel.php(839): CodeIgniter\Model->doInsert([...])
 6 SYSTEMPATH\Model.php(800): CodeIgniter\BaseModel->insert([...], true)
 7 APPPATH\Controllers\Carrito_controller.php(66): CodeIgniter\Model->insert([...])
 8 SYSTEMPATH\CodeIgniter.php(933): App\Controllers\Carrito_controller->guardar_venta()
 9 SYSTEMPATH\CodeIgniter.php(507): CodeIgniter\CodeIgniter->runController(Object(App\Controllers\Carrito_controller))
10 SYSTEMPATH\CodeIgniter.php(354): CodeIgniter\CodeIgniter->handleRequest(null, Object(Config\Cache), false)
11 SYSTEMPATH\Boot.php(334): CodeIgniter\CodeIgniter->run()
12 SYSTEMPATH\Boot.php(67): CodeIgniter\Boot::runCodeIgniter(Object(CodeIgniter\CodeIgniter))
13 FCPATH\index.php(56): CodeIgniter\Boot::bootWeb(Object(Config\Paths))
CRITICAL - 2025-06-14 16:42:48 --> [Caused by] mysqli_sql_exception: Column 'total_venta' cannot be null
in SYSTEMPATH\Database\MySQLi\Connection.php on line 327.
 1 SYSTEMPATH\Database\MySQLi\Connection.php(327): mysqli->query('INSERT INTO `venta` (`persona_id`, `fecha_venta`, `total_venta`) VALUES (\'6\', \'2025-06-14\', NULL)', 0)
 2 SYSTEMPATH\Database\BaseConnection.php(738): CodeIgniter\Database\MySQLi\Connection->execute('INSERT INTO `venta` (`persona_id`, `fecha_venta`, `total_venta`) VALUES (\'6\', \'2025-06-14\', NULL)')
 3 SYSTEMPATH\Database\BaseConnection.php(652): CodeIgniter\Database\BaseConnection->simpleQuery('INSERT INTO `venta` (`persona_id`, `fecha_venta`, `total_venta`) VALUES (\'6\', \'2025-06-14\', NULL)')
 4 SYSTEMPATH\Database\BaseBuilder.php(2345): CodeIgniter\Database\BaseConnection->query('INSERT INTO `venta` (`persona_id`, `fecha_venta`, `total_venta`) VALUES (:persona_id:, :fecha_venta:, :total_venta:)', [...], false)
 5 SYSTEMPATH\Model.php(394): CodeIgniter\Database\BaseBuilder->insert()
 6 SYSTEMPATH\BaseModel.php(839): CodeIgniter\Model->doInsert([...])
 7 SYSTEMPATH\Model.php(800): CodeIgniter\BaseModel->insert([...], true)
 8 APPPATH\Controllers\Carrito_controller.php(66): CodeIgniter\Model->insert([...])
 9 SYSTEMPATH\CodeIgniter.php(933): App\Controllers\Carrito_controller->guardar_venta()
10 SYSTEMPATH\CodeIgniter.php(507): CodeIgniter\CodeIgniter->runController(Object(App\Controllers\Carrito_controller))
11 SYSTEMPATH\CodeIgniter.php(354): CodeIgniter\CodeIgniter->handleRequest(null, Object(Config\Cache), false)
12 SYSTEMPATH\Boot.php(334): CodeIgniter\CodeIgniter->run()
13 SYSTEMPATH\Boot.php(67): CodeIgniter\Boot::runCodeIgniter(Object(CodeIgniter\CodeIgniter))
14 FCPATH\index.php(56): CodeIgniter\Boot::bootWeb(Object(Config\Paths))
DEBUG - 2025-06-14 16:42:51 --> Session: Class initialized using 'CodeIgniter\Session\Handlers\FileHandler' driver.
INFO - 2025-06-14 16:42:51 --> Cart Class Initialized
DEBUG - 2025-06-14 16:42:54 --> Session: Class initialized using 'CodeIgniter\Session\Handlers\FileHandler' driver.
INFO - 2025-06-14 16:42:54 --> Cart Class Initialized
DEBUG - 2025-06-14 16:42:54 --> Session: Class initialized using 'CodeIgniter\Session\Handlers\FileHandler' driver.
DEBUG - 2025-06-14 16:43:00 --> Session: Class initialized using 'CodeIgniter\Session\Handlers\FileHandler' driver.
INFO - 2025-06-14 16:43:00 --> Cart Class Initialized
DEBUG - 2025-06-14 16:43:19 --> Session: Class initialized using 'CodeIgniter\Session\Handlers\FileHandler' driver.
DEBUG - 2025-06-14 16:43:19 --> Session: Class initialized using 'CodeIgniter\Session\Handlers\FileHandler' driver.
DEBUG - 2025-06-14 16:44:05 --> Session: Class initialized using 'CodeIgniter\Session\Handlers\FileHandler' driver.
DEBUG - 2025-06-14 16:44:06 --> Session: Class initialized using 'CodeIgniter\Session\Handlers\FileHandler' driver.
DEBUG - 2025-06-14 16:44:07 --> Session: Class initialized using 'CodeIgniter\Session\Handlers\FileHandler' driver.
DEBUG - 2025-06-14 16:44:34 --> Session: Class initialized using 'CodeIgniter\Session\Handlers\FileHandler' driver.
DEBUG - 2025-06-14 16:49:09 --> Session: Class initialized using 'CodeIgniter\Session\Handlers\FileHandler' driver.
DEBUG - 2025-06-14 16:55:34 --> Session: Class initialized using 'CodeIgniter\Session\Handlers\FileHandler' driver.
DEBUG - 2025-06-14 18:08:03 --> Session: Class initialized using 'CodeIgniter\Session\Handlers\FileHandler' driver.
DEBUG - 2025-06-14 18:18:57 --> Session: Class initialized using 'CodeIgniter\Session\Handlers\FileHandler' driver.
DEBUG - 2025-06-14 18:18:59 --> Session: Class initialized using 'CodeIgniter\Session\Handlers\FileHandler' driver.
DEBUG - 2025-06-14 18:19:52 --> Session: Class initialized using 'CodeIgniter\Session\Handlers\FileHandler' driver.
DEBUG - 2025-06-14 18:19:53 --> Session: Class initialized using 'CodeIgniter\Session\Handlers\FileHandler' driver.
DEBUG - 2025-06-14 18:19:55 --> Session: Class initialized using 'CodeIgniter\Session\Handlers\FileHandler' driver.
DEBUG - 2025-06-14 19:02:58 --> Session: Class initialized using 'CodeIgniter\Session\Handlers\FileHandler' driver.
DEBUG - 2025-06-14 19:02:58 --> Session: Class initialized using 'CodeIgniter\Session\Handlers\FileHandler' driver.
DEBUG - 2025-06-14 19:22:58 --> Session: Class initialized using 'CodeIgniter\Session\Handlers\FileHandler' driver.
ERROR - 2025-06-14 19:23:25 --> mysqli_sql_exception: Cannot add or update a child row: a foreign key constraint fails (`bd_firmapaz-conti`.`personas`, CONSTRAINT `personas_ibfk_1` FOREIGN KEY (`id_perfil`) REFERENCES `perfil` (`id_perfil`) ON DELETE CASCADE ON UPDATE CASCADE) in C:\xampp\htdocs\proyecto_firmapaz_gabriel\system\Database\MySQLi\Connection.php:327
Stack trace:
#0 C:\xampp\htdocs\proyecto_firmapaz_gabriel\system\Database\MySQLi\Connection.php(327): mysqli->query('INSERT INTO `pe...', 0)
#1 C:\xampp\htdocs\proyecto_firmapaz_gabriel\system\Database\BaseConnection.php(738): CodeIgniter\Database\MySQLi\Connection->execute('INSERT INTO `pe...')
#2 C:\xampp\htdocs\proyecto_firmapaz_gabriel\system\Database\BaseConnection.php(652): CodeIgniter\Database\BaseConnection->simpleQuery('INSERT INTO `pe...')
#3 C:\xampp\htdocs\proyecto_firmapaz_gabriel\system\Database\BaseBuilder.php(2345): CodeIgniter\Database\BaseConnection->query('INSERT INTO `pe...', Array, false)
#4 C:\xampp\htdocs\proyecto_firmapaz_gabriel\system\Model.php(394): CodeIgniter\Database\BaseBuilder->insert()
#5 C:\xampp\htdocs\proyecto_firmapaz_gabriel\system\BaseModel.php(839): CodeIgniter\Model->doInsert(Array)
#6 C:\xampp\htdocs\proyecto_firmapaz_gabriel\system\Model.php(800): CodeIgniter\BaseModel->insert(Array, true)
#7 C:\xampp\htdocs\proyecto_firmapaz_gabriel\app\Controllers\Clientes_controller.php(63): CodeIgniter\Model->insert(Array)
#8 C:\xampp\htdocs\proyecto_firmapaz_gabriel\system\CodeIgniter.php(933): App\Controllers\Clientes_controller->registrar_usuario()
#9 C:\xampp\htdocs\proyecto_firmapaz_gabriel\system\CodeIgniter.php(507): CodeIgniter\CodeIgniter->runController(Object(App\Controllers\Clientes_controller))
#10 C:\xampp\htdocs\proyecto_firmapaz_gabriel\system\CodeIgniter.php(354): CodeIgniter\CodeIgniter->handleRequest(NULL, Object(Config\Cache), false)
#11 C:\xampp\htdocs\proyecto_firmapaz_gabriel\system\Boot.php(334): CodeIgniter\CodeIgniter->run()
#12 C:\xampp\htdocs\proyecto_firmapaz_gabriel\system\Boot.php(67): CodeIgniter\Boot::runCodeIgniter(Object(CodeIgniter\CodeIgniter))
#13 C:\xampp\htdocs\proyecto_firmapaz_gabriel\index.php(56): CodeIgniter\Boot::bootWeb(Object(Config\Paths))
#14 {main}
CRITICAL - 2025-06-14 19:23:25 --> CodeIgniter\Database\Exceptions\DatabaseException: Cannot add or update a child row: a foreign key constraint fails (`bd_firmapaz-conti`.`personas`, CONSTRAINT `personas_ibfk_1` FOREIGN KEY (`id_perfil`) REFERENCES `perfil` (`id_perfil`) ON DELETE CASCADE ON UPDATE CASCADE)
[Method: POST, Route: registro_cliente]
in SYSTEMPATH\Database\BaseConnection.php on line 692.
 1 SYSTEMPATH\Database\BaseBuilder.php(2345): CodeIgniter\Database\BaseConnection->query('INSERT INTO `personas` (`persona_nombre`, `persona_apellido`, `persona_mail`, `persona_pais`, `persona_password`, `persona_estado`) VALUES (:persona_nombre:, :persona_apellido:, :persona_mail:, :persona_pais:, :persona_password:, :persona_estado:)', [...], false)
 2 SYSTEMPATH\Model.php(394): CodeIgniter\Database\BaseBuilder->insert()
 3 SYSTEMPATH\BaseModel.php(839): CodeIgniter\Model->doInsert([...])
 4 SYSTEMPATH\Model.php(800): CodeIgniter\BaseModel->insert([...], true)
 5 APPPATH\Controllers\Clientes_controller.php(63): CodeIgniter\Model->insert([...])
 6 SYSTEMPATH\CodeIgniter.php(933): App\Controllers\Clientes_controller->registrar_usuario()
 7 SYSTEMPATH\CodeIgniter.php(507): CodeIgniter\CodeIgniter->runController(Object(App\Controllers\Clientes_controller))
 8 SYSTEMPATH\CodeIgniter.php(354): CodeIgniter\CodeIgniter->handleRequest(null, Object(Config\Cache), false)
 9 SYSTEMPATH\Boot.php(334): CodeIgniter\CodeIgniter->run()
10 SYSTEMPATH\Boot.php(67): CodeIgniter\Boot::runCodeIgniter(Object(CodeIgniter\CodeIgniter))
11 FCPATH\index.php(56): CodeIgniter\Boot::bootWeb(Object(Config\Paths))
CRITICAL - 2025-06-14 19:23:25 --> [Caused by] CodeIgniter\Database\Exceptions\DatabaseException: Cannot add or update a child row: a foreign key constraint fails (`bd_firmapaz-conti`.`personas`, CONSTRAINT `personas_ibfk_1` FOREIGN KEY (`id_perfil`) REFERENCES `perfil` (`id_perfil`) ON DELETE CASCADE ON UPDATE CASCADE)
in SYSTEMPATH\Database\MySQLi\Connection.php on line 332.
 1 SYSTEMPATH\Database\BaseConnection.php(738): CodeIgniter\Database\MySQLi\Connection->execute('INSERT INTO `personas` (`persona_nombre`, `persona_apellido`, `persona_mail`, `persona_pais`, `persona_password`, `persona_estado`) VALUES (\'gabriel\', \'firmapaz\', \'gabi@pepe.com\', \'argentina\', \'$2y$10$4O0AI56M4b0pFxAhA/qJgenjZ0FyUqioNTA/FXCXeep4skCN/mV9e\', 1)')
 2 SYSTEMPATH\Database\BaseConnection.php(652): CodeIgniter\Database\BaseConnection->simpleQuery('INSERT INTO `personas` (`persona_nombre`, `persona_apellido`, `persona_mail`, `persona_pais`, `persona_password`, `persona_estado`) VALUES (\'gabriel\', \'firmapaz\', \'gabi@pepe.com\', \'argentina\', \'$2y$10$4O0AI56M4b0pFxAhA/qJgenjZ0FyUqioNTA/FXCXeep4skCN/mV9e\', 1)')
 3 SYSTEMPATH\Database\BaseBuilder.php(2345): CodeIgniter\Database\BaseConnection->query('INSERT INTO `personas` (`persona_nombre`, `persona_apellido`, `persona_mail`, `persona_pais`, `persona_password`, `persona_estado`) VALUES (:persona_nombre:, :persona_apellido:, :persona_mail:, :persona_pais:, :persona_password:, :persona_estado:)', [...], false)
 4 SYSTEMPATH\Model.php(394): CodeIgniter\Database\BaseBuilder->insert()
 5 SYSTEMPATH\BaseModel.php(839): CodeIgniter\Model->doInsert([...])
 6 SYSTEMPATH\Model.php(800): CodeIgniter\BaseModel->insert([...], true)
 7 APPPATH\Controllers\Clientes_controller.php(63): CodeIgniter\Model->insert([...])
 8 SYSTEMPATH\CodeIgniter.php(933): App\Controllers\Clientes_controller->registrar_usuario()
 9 SYSTEMPATH\CodeIgniter.php(507): CodeIgniter\CodeIgniter->runController(Object(App\Controllers\Clientes_controller))
10 SYSTEMPATH\CodeIgniter.php(354): CodeIgniter\CodeIgniter->handleRequest(null, Object(Config\Cache), false)
11 SYSTEMPATH\Boot.php(334): CodeIgniter\CodeIgniter->run()
12 SYSTEMPATH\Boot.php(67): CodeIgniter\Boot::runCodeIgniter(Object(CodeIgniter\CodeIgniter))
13 FCPATH\index.php(56): CodeIgniter\Boot::bootWeb(Object(Config\Paths))
CRITICAL - 2025-06-14 19:23:25 --> [Caused by] mysqli_sql_exception: Cannot add or update a child row: a foreign key constraint fails (`bd_firmapaz-conti`.`personas`, CONSTRAINT `personas_ibfk_1` FOREIGN KEY (`id_perfil`) REFERENCES `perfil` (`id_perfil`) ON DELETE CASCADE ON UPDATE CASCADE)
in SYSTEMPATH\Database\MySQLi\Connection.php on line 327.
 1 SYSTEMPATH\Database\MySQLi\Connection.php(327): mysqli->query('INSERT INTO `personas` (`persona_nombre`, `persona_apellido`, `persona_mail`, `persona_pais`, `persona_password`, `persona_estado`) VALUES (\'gabriel\', \'firmapaz\', \'gabi@pepe.com\', \'argentina\', \'$2y$10$4O0AI56M4b0pFxAhA/qJgenjZ0FyUqioNTA/FXCXeep4skCN/mV9e\', 1)', 0)
 2 SYSTEMPATH\Database\BaseConnection.php(738): CodeIgniter\Database\MySQLi\Connection->execute('INSERT INTO `personas` (`persona_nombre`, `persona_apellido`, `persona_mail`, `persona_pais`, `persona_password`, `persona_estado`) VALUES (\'gabriel\', \'firmapaz\', \'gabi@pepe.com\', \'argentina\', \'$2y$10$4O0AI56M4b0pFxAhA/qJgenjZ0FyUqioNTA/FXCXeep4skCN/mV9e\', 1)')
 3 SYSTEMPATH\Database\BaseConnection.php(652): CodeIgniter\Database\BaseConnection->simpleQuery('INSERT INTO `personas` (`persona_nombre`, `persona_apellido`, `persona_mail`, `persona_pais`, `persona_password`, `persona_estado`) VALUES (\'gabriel\', \'firmapaz\', \'gabi@pepe.com\', \'argentina\', \'$2y$10$4O0AI56M4b0pFxAhA/qJgenjZ0FyUqioNTA/FXCXeep4skCN/mV9e\', 1)')
 4 SYSTEMPATH\Database\BaseBuilder.php(2345): CodeIgniter\Database\BaseConnection->query('INSERT INTO `personas` (`persona_nombre`, `persona_apellido`, `persona_mail`, `persona_pais`, `persona_password`, `persona_estado`) VALUES (:persona_nombre:, :persona_apellido:, :persona_mail:, :persona_pais:, :persona_password:, :persona_estado:)', [...], false)
 5 SYSTEMPATH\Model.php(394): CodeIgniter\Database\BaseBuilder->insert()
 6 SYSTEMPATH\BaseModel.php(839): CodeIgniter\Model->doInsert([...])
 7 SYSTEMPATH\Model.php(800): CodeIgniter\BaseModel->insert([...], true)
 8 APPPATH\Controllers\Clientes_controller.php(63): CodeIgniter\Model->insert([...])
 9 SYSTEMPATH\CodeIgniter.php(933): App\Controllers\Clientes_controller->registrar_usuario()
10 SYSTEMPATH\CodeIgniter.php(507): CodeIgniter\CodeIgniter->runController(Object(App\Controllers\Clientes_controller))
11 SYSTEMPATH\CodeIgniter.php(354): CodeIgniter\CodeIgniter->handleRequest(null, Object(Config\Cache), false)
12 SYSTEMPATH\Boot.php(334): CodeIgniter\CodeIgniter->run()
13 SYSTEMPATH\Boot.php(67): CodeIgniter\Boot::runCodeIgniter(Object(CodeIgniter\CodeIgniter))
14 FCPATH\index.php(56): CodeIgniter\Boot::bootWeb(Object(Config\Paths))
DEBUG - 2025-06-14 19:26:20 --> Session: Class initialized using 'CodeIgniter\Session\Handlers\FileHandler' driver.
ERROR - 2025-06-14 19:26:59 --> mysqli_sql_exception: Cannot add or update a child row: a foreign key constraint fails (`bd_firmapaz-conti`.`personas`, CONSTRAINT `personas_ibfk_1` FOREIGN KEY (`id_perfil`) REFERENCES `perfil` (`id_perfil`) ON UPDATE CASCADE) in C:\xampp\htdocs\proyecto_firmapaz_gabriel\system\Database\MySQLi\Connection.php:327
Stack trace:
#0 C:\xampp\htdocs\proyecto_firmapaz_gabriel\system\Database\MySQLi\Connection.php(327): mysqli->query('INSERT INTO `pe...', 0)
#1 C:\xampp\htdocs\proyecto_firmapaz_gabriel\system\Database\BaseConnection.php(738): CodeIgniter\Database\MySQLi\Connection->execute('INSERT INTO `pe...')
#2 C:\xampp\htdocs\proyecto_firmapaz_gabriel\system\Database\BaseConnection.php(652): CodeIgniter\Database\BaseConnection->simpleQuery('INSERT INTO `pe...')
#3 C:\xampp\htdocs\proyecto_firmapaz_gabriel\system\Database\BaseBuilder.php(2345): CodeIgniter\Database\BaseConnection->query('INSERT INTO `pe...', Array, false)
#4 C:\xampp\htdocs\proyecto_firmapaz_gabriel\system\Model.php(394): CodeIgniter\Database\BaseBuilder->insert()
#5 C:\xampp\htdocs\proyecto_firmapaz_gabriel\system\BaseModel.php(839): CodeIgniter\Model->doInsert(Array)
#6 C:\xampp\htdocs\proyecto_firmapaz_gabriel\system\Model.php(800): CodeIgniter\BaseModel->insert(Array, true)
#7 C:\xampp\htdocs\proyecto_firmapaz_gabriel\app\Controllers\Clientes_controller.php(63): CodeIgniter\Model->insert(Array)
#8 C:\xampp\htdocs\proyecto_firmapaz_gabriel\system\CodeIgniter.php(933): App\Controllers\Clientes_controller->registrar_usuario()
#9 C:\xampp\htdocs\proyecto_firmapaz_gabriel\system\CodeIgniter.php(507): CodeIgniter\CodeIgniter->runController(Object(App\Controllers\Clientes_controller))
#10 C:\xampp\htdocs\proyecto_firmapaz_gabriel\system\CodeIgniter.php(354): CodeIgniter\CodeIgniter->handleRequest(NULL, Object(Config\Cache), false)
#11 C:\xampp\htdocs\proyecto_firmapaz_gabriel\system\Boot.php(334): CodeIgniter\CodeIgniter->run()
#12 C:\xampp\htdocs\proyecto_firmapaz_gabriel\system\Boot.php(67): CodeIgniter\Boot::runCodeIgniter(Object(CodeIgniter\CodeIgniter))
#13 C:\xampp\htdocs\proyecto_firmapaz_gabriel\index.php(56): CodeIgniter\Boot::bootWeb(Object(Config\Paths))
#14 {main}
CRITICAL - 2025-06-14 19:26:59 --> CodeIgniter\Database\Exceptions\DatabaseException: Cannot add or update a child row: a foreign key constraint fails (`bd_firmapaz-conti`.`personas`, CONSTRAINT `personas_ibfk_1` FOREIGN KEY (`id_perfil`) REFERENCES `perfil` (`id_perfil`) ON UPDATE CASCADE)
[Method: POST, Route: registro_cliente]
in SYSTEMPATH\Database\BaseConnection.php on line 692.
 1 SYSTEMPATH\Database\BaseBuilder.php(2345): CodeIgniter\Database\BaseConnection->query('INSERT INTO `personas` (`persona_nombre`, `persona_apellido`, `persona_mail`, `persona_pais`, `persona_password`, `persona_estado`) VALUES (:persona_nombre:, :persona_apellido:, :persona_mail:, :persona_pais:, :persona_password:, :persona_estado:)', [...], false)
 2 SYSTEMPATH\Model.php(394): CodeIgniter\Database\BaseBuilder->insert()
 3 SYSTEMPATH\BaseModel.php(839): CodeIgniter\Model->doInsert([...])
 4 SYSTEMPATH\Model.php(800): CodeIgniter\BaseModel->insert([...], true)
 5 APPPATH\Controllers\Clientes_controller.php(63): CodeIgniter\Model->insert([...])
 6 SYSTEMPATH\CodeIgniter.php(933): App\Controllers\Clientes_controller->registrar_usuario()
 7 SYSTEMPATH\CodeIgniter.php(507): CodeIgniter\CodeIgniter->runController(Object(App\Controllers\Clientes_controller))
 8 SYSTEMPATH\CodeIgniter.php(354): CodeIgniter\CodeIgniter->handleRequest(null, Object(Config\Cache), false)
 9 SYSTEMPATH\Boot.php(334): CodeIgniter\CodeIgniter->run()
10 SYSTEMPATH\Boot.php(67): CodeIgniter\Boot::runCodeIgniter(Object(CodeIgniter\CodeIgniter))
11 FCPATH\index.php(56): CodeIgniter\Boot::bootWeb(Object(Config\Paths))
CRITICAL - 2025-06-14 19:26:59 --> [Caused by] CodeIgniter\Database\Exceptions\DatabaseException: Cannot add or update a child row: a foreign key constraint fails (`bd_firmapaz-conti`.`personas`, CONSTRAINT `personas_ibfk_1` FOREIGN KEY (`id_perfil`) REFERENCES `perfil` (`id_perfil`) ON UPDATE CASCADE)
in SYSTEMPATH\Database\MySQLi\Connection.php on line 332.
 1 SYSTEMPATH\Database\BaseConnection.php(738): CodeIgniter\Database\MySQLi\Connection->execute('INSERT INTO `personas` (`persona_nombre`, `persona_apellido`, `persona_mail`, `persona_pais`, `persona_password`, `persona_estado`) VALUES (\'gabriel\', \'firmapaz\', \'gabi@pepe.com\', \'argentina\', \'$2y$10$8See/x1UP9gTAdAuALizKOIhbHOfzSQhGNgq0j7x8k2ExtDx.W0Tu\', 1)')
 2 SYSTEMPATH\Database\BaseConnection.php(652): CodeIgniter\Database\BaseConnection->simpleQuery('INSERT INTO `personas` (`persona_nombre`, `persona_apellido`, `persona_mail`, `persona_pais`, `persona_password`, `persona_estado`) VALUES (\'gabriel\', \'firmapaz\', \'gabi@pepe.com\', \'argentina\', \'$2y$10$8See/x1UP9gTAdAuALizKOIhbHOfzSQhGNgq0j7x8k2ExtDx.W0Tu\', 1)')
 3 SYSTEMPATH\Database\BaseBuilder.php(2345): CodeIgniter\Database\BaseConnection->query('INSERT INTO `personas` (`persona_nombre`, `persona_apellido`, `persona_mail`, `persona_pais`, `persona_password`, `persona_estado`) VALUES (:persona_nombre:, :persona_apellido:, :persona_mail:, :persona_pais:, :persona_password:, :persona_estado:)', [...], false)
 4 SYSTEMPATH\Model.php(394): CodeIgniter\Database\BaseBuilder->insert()
 5 SYSTEMPATH\BaseModel.php(839): CodeIgniter\Model->doInsert([...])
 6 SYSTEMPATH\Model.php(800): CodeIgniter\BaseModel->insert([...], true)
 7 APPPATH\Controllers\Clientes_controller.php(63): CodeIgniter\Model->insert([...])
 8 SYSTEMPATH\CodeIgniter.php(933): App\Controllers\Clientes_controller->registrar_usuario()
 9 SYSTEMPATH\CodeIgniter.php(507): CodeIgniter\CodeIgniter->runController(Object(App\Controllers\Clientes_controller))
10 SYSTEMPATH\CodeIgniter.php(354): CodeIgniter\CodeIgniter->handleRequest(null, Object(Config\Cache), false)
11 SYSTEMPATH\Boot.php(334): CodeIgniter\CodeIgniter->run()
12 SYSTEMPATH\Boot.php(67): CodeIgniter\Boot::runCodeIgniter(Object(CodeIgniter\CodeIgniter))
13 FCPATH\index.php(56): CodeIgniter\Boot::bootWeb(Object(Config\Paths))
CRITICAL - 2025-06-14 19:26:59 --> [Caused by] mysqli_sql_exception: Cannot add or update a child row: a foreign key constraint fails (`bd_firmapaz-conti`.`personas`, CONSTRAINT `personas_ibfk_1` FOREIGN KEY (`id_perfil`) REFERENCES `perfil` (`id_perfil`) ON UPDATE CASCADE)
in SYSTEMPATH\Database\MySQLi\Connection.php on line 327.
 1 SYSTEMPATH\Database\MySQLi\Connection.php(327): mysqli->query('INSERT INTO `personas` (`persona_nombre`, `persona_apellido`, `persona_mail`, `persona_pais`, `persona_password`, `persona_estado`) VALUES (\'gabriel\', \'firmapaz\', \'gabi@pepe.com\', \'argentina\', \'$2y$10$8See/x1UP9gTAdAuALizKOIhbHOfzSQhGNgq0j7x8k2ExtDx.W0Tu\', 1)', 0)
 2 SYSTEMPATH\Database\BaseConnection.php(738): CodeIgniter\Database\MySQLi\Connection->execute('INSERT INTO `personas` (`persona_nombre`, `persona_apellido`, `persona_mail`, `persona_pais`, `persona_password`, `persona_estado`) VALUES (\'gabriel\', \'firmapaz\', \'gabi@pepe.com\', \'argentina\', \'$2y$10$8See/x1UP9gTAdAuALizKOIhbHOfzSQhGNgq0j7x8k2ExtDx.W0Tu\', 1)')
 3 SYSTEMPATH\Database\BaseConnection.php(652): CodeIgniter\Database\BaseConnection->simpleQuery('INSERT INTO `personas` (`persona_nombre`, `persona_apellido`, `persona_mail`, `persona_pais`, `persona_password`, `persona_estado`) VALUES (\'gabriel\', \'firmapaz\', \'gabi@pepe.com\', \'argentina\', \'$2y$10$8See/x1UP9gTAdAuALizKOIhbHOfzSQhGNgq0j7x8k2ExtDx.W0Tu\', 1)')
 4 SYSTEMPATH\Database\BaseBuilder.php(2345): CodeIgniter\Database\BaseConnection->query('INSERT INTO `personas` (`persona_nombre`, `persona_apellido`, `persona_mail`, `persona_pais`, `persona_password`, `persona_estado`) VALUES (:persona_nombre:, :persona_apellido:, :persona_mail:, :persona_pais:, :persona_password:, :persona_estado:)', [...], false)
 5 SYSTEMPATH\Model.php(394): CodeIgniter\Database\BaseBuilder->insert()
 6 SYSTEMPATH\BaseModel.php(839): CodeIgniter\Model->doInsert([...])
 7 SYSTEMPATH\Model.php(800): CodeIgniter\BaseModel->insert([...], true)
 8 APPPATH\Controllers\Clientes_controller.php(63): CodeIgniter\Model->insert([...])
 9 SYSTEMPATH\CodeIgniter.php(933): App\Controllers\Clientes_controller->registrar_usuario()
10 SYSTEMPATH\CodeIgniter.php(507): CodeIgniter\CodeIgniter->runController(Object(App\Controllers\Clientes_controller))
11 SYSTEMPATH\CodeIgniter.php(354): CodeIgniter\CodeIgniter->handleRequest(null, Object(Config\Cache), false)
12 SYSTEMPATH\Boot.php(334): CodeIgniter\CodeIgniter->run()
13 SYSTEMPATH\Boot.php(67): CodeIgniter\Boot::runCodeIgniter(Object(CodeIgniter\CodeIgniter))
14 FCPATH\index.php(56): CodeIgniter\Boot::bootWeb(Object(Config\Paths))
DEBUG - 2025-06-14 19:33:23 --> Session: Class initialized using 'CodeIgniter\Session\Handlers\FileHandler' driver.
ERROR - 2025-06-14 19:33:53 --> mysqli_sql_exception: Cannot add or update a child row: a foreign key constraint fails (`bd_firmapaz-conti`.`personas`, CONSTRAINT `personas_ibfk_1` FOREIGN KEY (`id_perfil`) REFERENCES `perfil` (`id_perfil`) ON UPDATE CASCADE) in C:\xampp\htdocs\proyecto_firmapaz_gabriel\system\Database\MySQLi\Connection.php:327
Stack trace:
#0 C:\xampp\htdocs\proyecto_firmapaz_gabriel\system\Database\MySQLi\Connection.php(327): mysqli->query('INSERT INTO `pe...', 0)
#1 C:\xampp\htdocs\proyecto_firmapaz_gabriel\system\Database\BaseConnection.php(738): CodeIgniter\Database\MySQLi\Connection->execute('INSERT INTO `pe...')
#2 C:\xampp\htdocs\proyecto_firmapaz_gabriel\system\Database\BaseConnection.php(652): CodeIgniter\Database\BaseConnection->simpleQuery('INSERT INTO `pe...')
#3 C:\xampp\htdocs\proyecto_firmapaz_gabriel\system\Database\BaseBuilder.php(2345): CodeIgniter\Database\BaseConnection->query('INSERT INTO `pe...', Array, false)
#4 C:\xampp\htdocs\proyecto_firmapaz_gabriel\system\Model.php(394): CodeIgniter\Database\BaseBuilder->insert()
#5 C:\xampp\htdocs\proyecto_firmapaz_gabriel\system\BaseModel.php(839): CodeIgniter\Model->doInsert(Array)
#6 C:\xampp\htdocs\proyecto_firmapaz_gabriel\system\Model.php(800): CodeIgniter\BaseModel->insert(Array, true)
#7 C:\xampp\htdocs\proyecto_firmapaz_gabriel\app\Controllers\Clientes_controller.php(63): CodeIgniter\Model->insert(Array)
#8 C:\xampp\htdocs\proyecto_firmapaz_gabriel\system\CodeIgniter.php(933): App\Controllers\Clientes_controller->registrar_usuario()
#9 C:\xampp\htdocs\proyecto_firmapaz_gabriel\system\CodeIgniter.php(507): CodeIgniter\CodeIgniter->runController(Object(App\Controllers\Clientes_controller))
#10 C:\xampp\htdocs\proyecto_firmapaz_gabriel\system\CodeIgniter.php(354): CodeIgniter\CodeIgniter->handleRequest(NULL, Object(Config\Cache), false)
#11 C:\xampp\htdocs\proyecto_firmapaz_gabriel\system\Boot.php(334): CodeIgniter\CodeIgniter->run()
#12 C:\xampp\htdocs\proyecto_firmapaz_gabriel\system\Boot.php(67): CodeIgniter\Boot::runCodeIgniter(Object(CodeIgniter\CodeIgniter))
#13 C:\xampp\htdocs\proyecto_firmapaz_gabriel\index.php(56): CodeIgniter\Boot::bootWeb(Object(Config\Paths))
#14 {main}
CRITICAL - 2025-06-14 19:33:53 --> CodeIgniter\Database\Exceptions\DatabaseException: Cannot add or update a child row: a foreign key constraint fails (`bd_firmapaz-conti`.`personas`, CONSTRAINT `personas_ibfk_1` FOREIGN KEY (`id_perfil`) REFERENCES `perfil` (`id_perfil`) ON UPDATE CASCADE)
[Method: POST, Route: registro_cliente]
in SYSTEMPATH\Database\BaseConnection.php on line 692.
 1 SYSTEMPATH\Database\BaseBuilder.php(2345): CodeIgniter\Database\BaseConnection->query('INSERT INTO `personas` (`persona_nombre`, `persona_apellido`, `persona_mail`, `persona_pais`, `persona_password`, `id_perfil`, `persona_estado`) VALUES (:persona_nombre:, :persona_apellido:, :persona_mail:, :persona_pais:, :persona_password:, :id_perfil:, :persona_estado:)', [...], false)
 2 SYSTEMPATH\Model.php(394): CodeIgniter\Database\BaseBuilder->insert()
 3 SYSTEMPATH\BaseModel.php(839): CodeIgniter\Model->doInsert([...])
 4 SYSTEMPATH\Model.php(800): CodeIgniter\BaseModel->insert([...], true)
 5 APPPATH\Controllers\Clientes_controller.php(63): CodeIgniter\Model->insert([...])
 6 SYSTEMPATH\CodeIgniter.php(933): App\Controllers\Clientes_controller->registrar_usuario()
 7 SYSTEMPATH\CodeIgniter.php(507): CodeIgniter\CodeIgniter->runController(Object(App\Controllers\Clientes_controller))
 8 SYSTEMPATH\CodeIgniter.php(354): CodeIgniter\CodeIgniter->handleRequest(null, Object(Config\Cache), false)
 9 SYSTEMPATH\Boot.php(334): CodeIgniter\CodeIgniter->run()
10 SYSTEMPATH\Boot.php(67): CodeIgniter\Boot::runCodeIgniter(Object(CodeIgniter\CodeIgniter))
11 FCPATH\index.php(56): CodeIgniter\Boot::bootWeb(Object(Config\Paths))
CRITICAL - 2025-06-14 19:33:53 --> [Caused by] CodeIgniter\Database\Exceptions\DatabaseException: Cannot add or update a child row: a foreign key constraint fails (`bd_firmapaz-conti`.`personas`, CONSTRAINT `personas_ibfk_1` FOREIGN KEY (`id_perfil`) REFERENCES `perfil` (`id_perfil`) ON UPDATE CASCADE)
in SYSTEMPATH\Database\MySQLi\Connection.php on line 332.
 1 SYSTEMPATH\Database\BaseConnection.php(738): CodeIgniter\Database\MySQLi\Connection->execute('INSERT INTO `personas` (`persona_nombre`, `persona_apellido`, `persona_mail`, `persona_pais`, `persona_password`, `id_perfil`, `persona_estado`) VALUES (\'gabriel\', \'firmapaz\', \'gabi@pepe.com\', \'argentina\', \'$2y$10$kZuVK9tO2k8oFlmMZ9kHWerjemegWTIMoVN40fDDP9JOTamwyrkR6\', 2, 1)')
 2 SYSTEMPATH\Database\BaseConnection.php(652): CodeIgniter\Database\BaseConnection->simpleQuery('INSERT INTO `personas` (`persona_nombre`, `persona_apellido`, `persona_mail`, `persona_pais`, `persona_password`, `id_perfil`, `persona_estado`) VALUES (\'gabriel\', \'firmapaz\', \'gabi@pepe.com\', \'argentina\', \'$2y$10$kZuVK9tO2k8oFlmMZ9kHWerjemegWTIMoVN40fDDP9JOTamwyrkR6\', 2, 1)')
 3 SYSTEMPATH\Database\BaseBuilder.php(2345): CodeIgniter\Database\BaseConnection->query('INSERT INTO `personas` (`persona_nombre`, `persona_apellido`, `persona_mail`, `persona_pais`, `persona_password`, `id_perfil`, `persona_estado`) VALUES (:persona_nombre:, :persona_apellido:, :persona_mail:, :persona_pais:, :persona_password:, :id_perfil:, :persona_estado:)', [...], false)
 4 SYSTEMPATH\Model.php(394): CodeIgniter\Database\BaseBuilder->insert()
 5 SYSTEMPATH\BaseModel.php(839): CodeIgniter\Model->doInsert([...])
 6 SYSTEMPATH\Model.php(800): CodeIgniter\BaseModel->insert([...], true)
 7 APPPATH\Controllers\Clientes_controller.php(63): CodeIgniter\Model->insert([...])
 8 SYSTEMPATH\CodeIgniter.php(933): App\Controllers\Clientes_controller->registrar_usuario()
 9 SYSTEMPATH\CodeIgniter.php(507): CodeIgniter\CodeIgniter->runController(Object(App\Controllers\Clientes_controller))
10 SYSTEMPATH\CodeIgniter.php(354): CodeIgniter\CodeIgniter->handleRequest(null, Object(Config\Cache), false)
11 SYSTEMPATH\Boot.php(334): CodeIgniter\CodeIgniter->run()
12 SYSTEMPATH\Boot.php(67): CodeIgniter\Boot::runCodeIgniter(Object(CodeIgniter\CodeIgniter))
13 FCPATH\index.php(56): CodeIgniter\Boot::bootWeb(Object(Config\Paths))
CRITICAL - 2025-06-14 19:33:53 --> [Caused by] mysqli_sql_exception: Cannot add or update a child row: a foreign key constraint fails (`bd_firmapaz-conti`.`personas`, CONSTRAINT `personas_ibfk_1` FOREIGN KEY (`id_perfil`) REFERENCES `perfil` (`id_perfil`) ON UPDATE CASCADE)
in SYSTEMPATH\Database\MySQLi\Connection.php on line 327.
 1 SYSTEMPATH\Database\MySQLi\Connection.php(327): mysqli->query('INSERT INTO `personas` (`persona_nombre`, `persona_apellido`, `persona_mail`, `persona_pais`, `persona_password`, `id_perfil`, `persona_estado`) VALUES (\'gabriel\', \'firmapaz\', \'gabi@pepe.com\', \'argentina\', \'$2y$10$kZuVK9tO2k8oFlmMZ9kHWerjemegWTIMoVN40fDDP9JOTamwyrkR6\', 2, 1)', 0)
 2 SYSTEMPATH\Database\BaseConnection.php(738): CodeIgniter\Database\MySQLi\Connection->execute('INSERT INTO `personas` (`persona_nombre`, `persona_apellido`, `persona_mail`, `persona_pais`, `persona_password`, `id_perfil`, `persona_estado`) VALUES (\'gabriel\', \'firmapaz\', \'gabi@pepe.com\', \'argentina\', \'$2y$10$kZuVK9tO2k8oFlmMZ9kHWerjemegWTIMoVN40fDDP9JOTamwyrkR6\', 2, 1)')
 3 SYSTEMPATH\Database\BaseConnection.php(652): CodeIgniter\Database\BaseConnection->simpleQuery('INSERT INTO `personas` (`persona_nombre`, `persona_apellido`, `persona_mail`, `persona_pais`, `persona_password`, `id_perfil`, `persona_estado`) VALUES (\'gabriel\', \'firmapaz\', \'gabi@pepe.com\', \'argentina\', \'$2y$10$kZuVK9tO2k8oFlmMZ9kHWerjemegWTIMoVN40fDDP9JOTamwyrkR6\', 2, 1)')
 4 SYSTEMPATH\Database\BaseBuilder.php(2345): CodeIgniter\Database\BaseConnection->query('INSERT INTO `personas` (`persona_nombre`, `persona_apellido`, `persona_mail`, `persona_pais`, `persona_password`, `id_perfil`, `persona_estado`) VALUES (:persona_nombre:, :persona_apellido:, :persona_mail:, :persona_pais:, :persona_password:, :id_perfil:, :persona_estado:)', [...], false)
 5 SYSTEMPATH\Model.php(394): CodeIgniter\Database\BaseBuilder->insert()
 6 SYSTEMPATH\BaseModel.php(839): CodeIgniter\Model->doInsert([...])
 7 SYSTEMPATH\Model.php(800): CodeIgniter\BaseModel->insert([...], true)
 8 APPPATH\Controllers\Clientes_controller.php(63): CodeIgniter\Model->insert([...])
 9 SYSTEMPATH\CodeIgniter.php(933): App\Controllers\Clientes_controller->registrar_usuario()
10 SYSTEMPATH\CodeIgniter.php(507): CodeIgniter\CodeIgniter->runController(Object(App\Controllers\Clientes_controller))
11 SYSTEMPATH\CodeIgniter.php(354): CodeIgniter\CodeIgniter->handleRequest(null, Object(Config\Cache), false)
12 SYSTEMPATH\Boot.php(334): CodeIgniter\CodeIgniter->run()
13 SYSTEMPATH\Boot.php(67): CodeIgniter\Boot::runCodeIgniter(Object(CodeIgniter\CodeIgniter))
14 FCPATH\index.php(56): CodeIgniter\Boot::bootWeb(Object(Config\Paths))
DEBUG - 2025-06-14 19:37:58 --> Session: Class initialized using 'CodeIgniter\Session\Handlers\FileHandler' driver.
DEBUG - 2025-06-14 19:38:26 --> Session: Class initialized using 'CodeIgniter\Session\Handlers\FileHandler' driver.
DEBUG - 2025-06-14 19:38:26 --> Session: Class initialized using 'CodeIgniter\Session\Handlers\FileHandler' driver.
DEBUG - 2025-06-14 19:38:30 --> Session: Class initialized using 'CodeIgniter\Session\Handlers\FileHandler' driver.
DEBUG - 2025-06-14 19:38:39 --> Session: Class initialized using 'CodeIgniter\Session\Handlers\FileHandler' driver.
CRITICAL - 2025-06-14 19:38:39 --> ErrorException: Undefined array key "id_persona"
[Method: POST, Route: buscar_usuario]
in APPPATH\Controllers\Usuarios_controller.php on line 119.
 1 APPPATH\Controllers\Usuarios_controller.php(119): CodeIgniter\Debug\Exceptions->errorHandler(2, 'Undefined array key "id_persona"', 'C:\\xampp\\htdocs\\proyecto_firmapaz_gabriel\\app\\Controllers\\Usuarios_controller.php', 119)
 2 SYSTEMPATH\CodeIgniter.php(933): App\Controllers\Usuarios_controller->buscar_usuario()
 3 SYSTEMPATH\CodeIgniter.php(507): CodeIgniter\CodeIgniter->runController(Object(App\Controllers\Usuarios_controller))
 4 SYSTEMPATH\CodeIgniter.php(354): CodeIgniter\CodeIgniter->handleRequest(null, Object(Config\Cache), false)
 5 SYSTEMPATH\Boot.php(334): CodeIgniter\CodeIgniter->run()
 6 SYSTEMPATH\Boot.php(67): CodeIgniter\Boot::runCodeIgniter(Object(CodeIgniter\CodeIgniter))
 7 FCPATH\index.php(56): CodeIgniter\Boot::bootWeb(Object(Config\Paths))
DEBUG - 2025-06-14 19:39:40 --> Session: Class initialized using 'CodeIgniter\Session\Handlers\FileHandler' driver.
CRITICAL - 2025-06-14 19:39:40 --> ErrorException: Undefined array key "perfil_id"
[Method: POST, Route: buscar_usuario]
in APPPATH\Controllers\Usuarios_controller.php on line 122.
 1 APPPATH\Controllers\Usuarios_controller.php(122): CodeIgniter\Debug\Exceptions->errorHandler(2, 'Undefined array key "perfil_id"', 'C:\\xampp\\htdocs\\proyecto_firmapaz_gabriel\\app\\Controllers\\Usuarios_controller.php', 122)
 2 SYSTEMPATH\CodeIgniter.php(933): App\Controllers\Usuarios_controller->buscar_usuario()
 3 SYSTEMPATH\CodeIgniter.php(507): CodeIgniter\CodeIgniter->runController(Object(App\Controllers\Usuarios_controller))
 4 SYSTEMPATH\CodeIgniter.php(354): CodeIgniter\CodeIgniter->handleRequest(null, Object(Config\Cache), false)
 5 SYSTEMPATH\Boot.php(334): CodeIgniter\CodeIgniter->run()
 6 SYSTEMPATH\Boot.php(67): CodeIgniter\Boot::runCodeIgniter(Object(CodeIgniter\CodeIgniter))
 7 FCPATH\index.php(56): CodeIgniter\Boot::bootWeb(Object(Config\Paths))
DEBUG - 2025-06-14 19:39:53 --> Session: Class initialized using 'CodeIgniter\Session\Handlers\FileHandler' driver.
CRITICAL - 2025-06-14 19:39:53 --> ErrorException: Undefined array key "perfil_id"
[Method: POST, Route: buscar_usuario]
in APPPATH\Controllers\Usuarios_controller.php on line 126.
 1 APPPATH\Controllers\Usuarios_controller.php(126): CodeIgniter\Debug\Exceptions->errorHandler(2, 'Undefined array key "perfil_id"', 'C:\\xampp\\htdocs\\proyecto_firmapaz_gabriel\\app\\Controllers\\Usuarios_controller.php', 126)
 2 SYSTEMPATH\CodeIgniter.php(933): App\Controllers\Usuarios_controller->buscar_usuario()
 3 SYSTEMPATH\CodeIgniter.php(507): CodeIgniter\CodeIgniter->runController(Object(App\Controllers\Usuarios_controller))
 4 SYSTEMPATH\CodeIgniter.php(354): CodeIgniter\CodeIgniter->handleRequest(null, Object(Config\Cache), false)
 5 SYSTEMPATH\Boot.php(334): CodeIgniter\CodeIgniter->run()
 6 SYSTEMPATH\Boot.php(67): CodeIgniter\Boot::runCodeIgniter(Object(CodeIgniter\CodeIgniter))
 7 FCPATH\index.php(56): CodeIgniter\Boot::bootWeb(Object(Config\Paths))
DEBUG - 2025-06-14 19:40:15 --> Session: Class initialized using 'CodeIgniter\Session\Handlers\FileHandler' driver.
CRITICAL - 2025-06-14 19:40:15 --> ErrorException: Undefined array key "perfil_id"
[Method: POST, Route: buscar_usuario]
in APPPATH\Controllers\Usuarios_controller.php on line 126.
 1 APPPATH\Controllers\Usuarios_controller.php(126): CodeIgniter\Debug\Exceptions->errorHandler(2, 'Undefined array key "perfil_id"', 'C:\\xampp\\htdocs\\proyecto_firmapaz_gabriel\\app\\Controllers\\Usuarios_controller.php', 126)
 2 SYSTEMPATH\CodeIgniter.php(933): App\Controllers\Usuarios_controller->buscar_usuario()
 3 SYSTEMPATH\CodeIgniter.php(507): CodeIgniter\CodeIgniter->runController(Object(App\Controllers\Usuarios_controller))
 4 SYSTEMPATH\CodeIgniter.php(354): CodeIgniter\CodeIgniter->handleRequest(null, Object(Config\Cache), false)
 5 SYSTEMPATH\Boot.php(334): CodeIgniter\CodeIgniter->run()
 6 SYSTEMPATH\Boot.php(67): CodeIgniter\Boot::runCodeIgniter(Object(CodeIgniter\CodeIgniter))
 7 FCPATH\index.php(56): CodeIgniter\Boot::bootWeb(Object(Config\Paths))
DEBUG - 2025-06-14 19:40:22 --> Session: Class initialized using 'CodeIgniter\Session\Handlers\FileHandler' driver.
DEBUG - 2025-06-14 19:40:23 --> Session: Class initialized using 'CodeIgniter\Session\Handlers\FileHandler' driver.
DEBUG - 2025-06-14 19:40:28 --> Session: Class initialized using 'CodeIgniter\Session\Handlers\FileHandler' driver.
INFO - 2025-06-14 19:40:28 --> Cart Class Initialized
DEBUG - 2025-06-14 19:40:33 --> Session: Class initialized using 'CodeIgniter\Session\Handlers\FileHandler' driver.
DEBUG - 2025-06-14 19:40:33 --> Session: Class initialized using 'CodeIgniter\Session\Handlers\FileHandler' driver.
DEBUG - 2025-06-14 19:41:02 --> Session: Class initialized using 'CodeIgniter\Session\Handlers\FileHandler' driver.
DEBUG - 2025-06-14 19:41:02 --> Session: Class initialized using 'CodeIgniter\Session\Handlers\FileHandler' driver.
DEBUG - 2025-06-14 19:41:05 --> Session: Class initialized using 'CodeIgniter\Session\Handlers\FileHandler' driver.
DEBUG - 2025-06-14 19:41:09 --> Session: Class initialized using 'CodeIgniter\Session\Handlers\FileHandler' driver.
CRITICAL - 2025-06-14 19:41:11 --> ErrorException: Undefined array key "categoria_id"
[Method: GET, Route: listar_videojuegos]
in APPPATH\Controllers\Admin_controller.php on line 48.
 1 APPPATH\Controllers\Admin_controller.php(48): CodeIgniter\Debug\Exceptions->errorHandler(2, 'Undefined array key "categoria_id"', 'C:\\xampp\\htdocs\\proyecto_firmapaz_gabriel\\app\\Controllers\\Admin_controller.php', 48)
 2 SYSTEMPATH\CodeIgniter.php(933): App\Controllers\Admin_controller->listar_videojuegos()
 3 SYSTEMPATH\CodeIgniter.php(507): CodeIgniter\CodeIgniter->runController(Object(App\Controllers\Admin_controller))
 4 SYSTEMPATH\CodeIgniter.php(354): CodeIgniter\CodeIgniter->handleRequest(null, Object(Config\Cache), false)
 5 SYSTEMPATH\Boot.php(334): CodeIgniter\CodeIgniter->run()
 6 SYSTEMPATH\Boot.php(67): CodeIgniter\Boot::runCodeIgniter(Object(CodeIgniter\CodeIgniter))
 7 FCPATH\index.php(56): CodeIgniter\Boot::bootWeb(Object(Config\Paths))
DEBUG - 2025-06-14 19:42:55 --> Session: Class initialized using 'CodeIgniter\Session\Handlers\FileHandler' driver.
DEBUG - 2025-06-14 19:42:57 --> Session: Class initialized using 'CodeIgniter\Session\Handlers\FileHandler' driver.
DEBUG - 2025-06-14 19:42:59 --> Session: Class initialized using 'CodeIgniter\Session\Handlers\FileHandler' driver.
DEBUG - 2025-06-14 19:43:04 --> Session: Class initialized using 'CodeIgniter\Session\Handlers\FileHandler' driver.
CRITICAL - 2025-06-14 19:43:04 --> ErrorException: Undefined array key "perfil_id"
[Method: GET, Route: listar_usuarios]
in APPPATH\Views\contenido\admin_usuarios.php on line 28.
 1 APPPATH\Views\contenido\admin_usuarios.php(28): CodeIgniter\Debug\Exceptions->errorHandler(2, 'Undefined array key "perfil_id"', 'C:\\xampp\\htdocs\\proyecto_firmapaz_gabriel\\app\\Views\\contenido\\admin_usuarios.php', 28)
 2 SYSTEMPATH\View\View.php(224): include('C:\\xampp\\htdocs\\proyecto_firmapaz_gabriel\\app\\Views\\contenido\\admin_usuarios.php')
 3 SYSTEMPATH\View\View.php(227): CodeIgniter\View\View->CodeIgniter\View\{closure}()
 4 SYSTEMPATH\Common.php(1173): CodeIgniter\View\View->render('contenido/admin_usuarios', [], true)
 5 APPPATH\Controllers\Admin_controller.php(31): view('contenido/admin_usuarios', [...])
 6 SYSTEMPATH\CodeIgniter.php(933): App\Controllers\Admin_controller->listar_usuarios()
 7 SYSTEMPATH\CodeIgniter.php(507): CodeIgniter\CodeIgniter->runController(Object(App\Controllers\Admin_controller))
 8 SYSTEMPATH\CodeIgniter.php(354): CodeIgniter\CodeIgniter->handleRequest(null, Object(Config\Cache), false)
 9 SYSTEMPATH\Boot.php(334): CodeIgniter\CodeIgniter->run()
10 SYSTEMPATH\Boot.php(67): CodeIgniter\Boot::runCodeIgniter(Object(CodeIgniter\CodeIgniter))
11 FCPATH\index.php(56): CodeIgniter\Boot::bootWeb(Object(Config\Paths))
DEBUG - 2025-06-14 19:46:10 --> Session: Class initialized using 'CodeIgniter\Session\Handlers\FileHandler' driver.
DEBUG - 2025-06-14 19:46:13 --> Session: Class initialized using 'CodeIgniter\Session\Handlers\FileHandler' driver.
DEBUG - 2025-06-14 19:46:14 --> Session: Class initialized using 'CodeIgniter\Session\Handlers\FileHandler' driver.
DEBUG - 2025-06-14 19:46:17 --> Session: Class initialized using 'CodeIgniter\Session\Handlers\FileHandler' driver.
CRITICAL - 2025-06-14 19:46:17 --> ErrorException: Undefined array key "id_categoria"
[Method: GET, Route: agregar_juego]
in APPPATH\Views\Backend\agregar_juego.php on line 47.
 1 APPPATH\Views\Backend\agregar_juego.php(47): CodeIgniter\Debug\Exceptions->errorHandler(2, 'Undefined array key "id_categoria"', 'C:\\xampp\\htdocs\\proyecto_firmapaz_gabriel\\app\\Views\\Backend\\agregar_juego.php', 47)
 2 SYSTEMPATH\View\View.php(224): include('C:\\xampp\\htdocs\\proyecto_firmapaz_gabriel\\app\\Views\\Backend\\agregar_juego.php')
 3 SYSTEMPATH\View\View.php(227): CodeIgniter\View\View->CodeIgniter\View\{closure}()
 4 SYSTEMPATH\Common.php(1173): CodeIgniter\View\View->render('Backend/agregar_juego', [], true)
 5 APPPATH\Controllers\Videojuegos_controller.php(13): view('Backend/agregar_juego', [...])
 6 SYSTEMPATH\CodeIgniter.php(933): App\Controllers\Videojuegos_controller->form_agregar_juego()
 7 SYSTEMPATH\CodeIgniter.php(507): CodeIgniter\CodeIgniter->runController(Object(App\Controllers\Videojuegos_controller))
 8 SYSTEMPATH\CodeIgniter.php(354): CodeIgniter\CodeIgniter->handleRequest(null, Object(Config\Cache), false)
 9 SYSTEMPATH\Boot.php(334): CodeIgniter\CodeIgniter->run()
10 SYSTEMPATH\Boot.php(67): CodeIgniter\Boot::runCodeIgniter(Object(CodeIgniter\CodeIgniter))
11 FCPATH\index.php(56): CodeIgniter\Boot::bootWeb(Object(Config\Paths))
DEBUG - 2025-06-14 19:47:14 --> Session: Class initialized using 'CodeIgniter\Session\Handlers\FileHandler' driver.
ERROR - 2025-06-14 19:47:40 --> mysqli_sql_exception: Unknown column 'id_categoria' in 'where clause' in C:\xampp\htdocs\proyecto_firmapaz_gabriel\system\Database\MySQLi\Connection.php:327
Stack trace:
#0 C:\xampp\htdocs\proyecto_firmapaz_gabriel\system\Database\MySQLi\Connection.php(327): mysqli->query('SELECT 1\nFROM `...', 0)
#1 C:\xampp\htdocs\proyecto_firmapaz_gabriel\system\Database\BaseConnection.php(738): CodeIgniter\Database\MySQLi\Connection->execute('SELECT 1\nFROM `...')
#2 C:\xampp\htdocs\proyecto_firmapaz_gabriel\system\Database\BaseConnection.php(652): CodeIgniter\Database\BaseConnection->simpleQuery('SELECT 1\nFROM `...')
#3 C:\xampp\htdocs\proyecto_firmapaz_gabriel\system\Database\BaseBuilder.php(1649): CodeIgniter\Database\BaseConnection->query('SELECT 1\nFROM `...', Array, false)
#4 C:\xampp\htdocs\proyecto_firmapaz_gabriel\system\Validation\Rules.php(132): CodeIgniter\Database\BaseBuilder->get()
#5 C:\xampp\htdocs\proyecto_firmapaz_gabriel\system\Validation\StrictRules\Rules.php(148): CodeIgniter\Validation\Rules->is_not_unique('4', 'categorias.id_c...', Array)
#6 C:\xampp\htdocs\proyecto_firmapaz_gabriel\system\Validation\Validation.php(337): CodeIgniter\Validation\StrictRules\Rules->is_not_unique('4', 'categorias.id_c...', Array, NULL, 'categoria')
#7 C:\xampp\htdocs\proyecto_firmapaz_gabriel\system\Validation\Validation.php(202): CodeIgniter\Validation\Validation->processRules('categoria', 'categoria', '4', Array, Array, 'categoria')
#8 C:\xampp\htdocs\proyecto_firmapaz_gabriel\app\Controllers\Videojuegos_controller.php(56): CodeIgniter\Validation\Validation->run()
#9 C:\xampp\htdocs\proyecto_firmapaz_gabriel\system\CodeIgniter.php(933): App\Controllers\Videojuegos_controller->registrar_juego()
#10 C:\xampp\htdocs\proyecto_firmapaz_gabriel\system\CodeIgniter.php(507): CodeIgniter\CodeIgniter->runController(Object(App\Controllers\Videojuegos_controller))
#11 C:\xampp\htdocs\proyecto_firmapaz_gabriel\system\CodeIgniter.php(354): CodeIgniter\CodeIgniter->handleRequest(NULL, Object(Config\Cache), false)
#12 C:\xampp\htdocs\proyecto_firmapaz_gabriel\system\Boot.php(334): CodeIgniter\CodeIgniter->run()
#13 C:\xampp\htdocs\proyecto_firmapaz_gabriel\system\Boot.php(67): CodeIgniter\Boot::runCodeIgniter(Object(CodeIgniter\CodeIgniter))
#14 C:\xampp\htdocs\proyecto_firmapaz_gabriel\index.php(56): CodeIgniter\Boot::bootWeb(Object(Config\Paths))
#15 {main}
CRITICAL - 2025-06-14 19:47:40 --> CodeIgniter\Database\Exceptions\DatabaseException: Unknown column 'id_categoria' in 'where clause'
[Method: POST, Route: insertar_juego]
in SYSTEMPATH\Database\BaseConnection.php on line 692.
 1 SYSTEMPATH\Database\BaseBuilder.php(1649): CodeIgniter\Database\BaseConnection->query('SELECT 1
FROM `categorias`
WHERE `id_categoria` = :id_categoria:
 LIMIT 1', [...], false)
 2 SYSTEMPATH\Validation\Rules.php(132): CodeIgniter\Database\BaseBuilder->get()
 3 SYSTEMPATH\Validation\StrictRules\Rules.php(148): CodeIgniter\Validation\Rules->is_not_unique('4', 'categorias.id_categoria', [...])
 4 SYSTEMPATH\Validation\Validation.php(337): CodeIgniter\Validation\StrictRules\Rules->is_not_unique('4', 'categorias.id_categoria', [...], null, 'categoria')
 5 SYSTEMPATH\Validation\Validation.php(202): CodeIgniter\Validation\Validation->processRules('categoria', 'categoria', '4', [...], [...], 'categoria')
 6 APPPATH\Controllers\Videojuegos_controller.php(56): CodeIgniter\Validation\Validation->run()
 7 SYSTEMPATH\CodeIgniter.php(933): App\Controllers\Videojuegos_controller->registrar_juego()
 8 SYSTEMPATH\CodeIgniter.php(507): CodeIgniter\CodeIgniter->runController(Object(App\Controllers\Videojuegos_controller))
 9 SYSTEMPATH\CodeIgniter.php(354): CodeIgniter\CodeIgniter->handleRequest(null, Object(Config\Cache), false)
10 SYSTEMPATH\Boot.php(334): CodeIgniter\CodeIgniter->run()
11 SYSTEMPATH\Boot.php(67): CodeIgniter\Boot::runCodeIgniter(Object(CodeIgniter\CodeIgniter))
12 FCPATH\index.php(56): CodeIgniter\Boot::bootWeb(Object(Config\Paths))
CRITICAL - 2025-06-14 19:47:40 --> [Caused by] CodeIgniter\Database\Exceptions\DatabaseException: Unknown column 'id_categoria' in 'where clause'
in SYSTEMPATH\Database\MySQLi\Connection.php on line 332.
 1 SYSTEMPATH\Database\BaseConnection.php(738): CodeIgniter\Database\MySQLi\Connection->execute('SELECT 1
FROM `categorias`
WHERE `id_categoria` = \'4\'
 LIMIT 1')
 2 SYSTEMPATH\Database\BaseConnection.php(652): CodeIgniter\Database\BaseConnection->simpleQuery('SELECT 1
FROM `categorias`
WHERE `id_categoria` = \'4\'
 LIMIT 1')
 3 SYSTEMPATH\Database\BaseBuilder.php(1649): CodeIgniter\Database\BaseConnection->query('SELECT 1
FROM `categorias`
WHERE `id_categoria` = :id_categoria:
 LIMIT 1', [...], false)
 4 SYSTEMPATH\Validation\Rules.php(132): CodeIgniter\Database\BaseBuilder->get()
 5 SYSTEMPATH\Validation\StrictRules\Rules.php(148): CodeIgniter\Validation\Rules->is_not_unique('4', 'categorias.id_categoria', [...])
 6 SYSTEMPATH\Validation\Validation.php(337): CodeIgniter\Validation\StrictRules\Rules->is_not_unique('4', 'categorias.id_categoria', [...], null, 'categoria')
 7 SYSTEMPATH\Validation\Validation.php(202): CodeIgniter\Validation\Validation->processRules('categoria', 'categoria', '4', [...], [...], 'categoria')
 8 APPPATH\Controllers\Videojuegos_controller.php(56): CodeIgniter\Validation\Validation->run()
 9 SYSTEMPATH\CodeIgniter.php(933): App\Controllers\Videojuegos_controller->registrar_juego()
10 SYSTEMPATH\CodeIgniter.php(507): CodeIgniter\CodeIgniter->runController(Object(App\Controllers\Videojuegos_controller))
11 SYSTEMPATH\CodeIgniter.php(354): CodeIgniter\CodeIgniter->handleRequest(null, Object(Config\Cache), false)
12 SYSTEMPATH\Boot.php(334): CodeIgniter\CodeIgniter->run()
13 SYSTEMPATH\Boot.php(67): CodeIgniter\Boot::runCodeIgniter(Object(CodeIgniter\CodeIgniter))
14 FCPATH\index.php(56): CodeIgniter\Boot::bootWeb(Object(Config\Paths))
CRITICAL - 2025-06-14 19:47:40 --> [Caused by] mysqli_sql_exception: Unknown column 'id_categoria' in 'where clause'
in SYSTEMPATH\Database\MySQLi\Connection.php on line 327.
 1 SYSTEMPATH\Database\MySQLi\Connection.php(327): mysqli->query('SELECT 1
FROM `categorias`
WHERE `id_categoria` = \'4\'
 LIMIT 1', 0)
 2 SYSTEMPATH\Database\BaseConnection.php(738): CodeIgniter\Database\MySQLi\Connection->execute('SELECT 1
FROM `categorias`
WHERE `id_categoria` = \'4\'
 LIMIT 1')
 3 SYSTEMPATH\Database\BaseConnection.php(652): CodeIgniter\Database\BaseConnection->simpleQuery('SELECT 1
FROM `categorias`
WHERE `id_categoria` = \'4\'
 LIMIT 1')
 4 SYSTEMPATH\Database\BaseBuilder.php(1649): CodeIgniter\Database\BaseConnection->query('SELECT 1
FROM `categorias`
WHERE `id_categoria` = :id_categoria:
 LIMIT 1', [...], false)
 5 SYSTEMPATH\Validation\Rules.php(132): CodeIgniter\Database\BaseBuilder->get()
 6 SYSTEMPATH\Validation\StrictRules\Rules.php(148): CodeIgniter\Validation\Rules->is_not_unique('4', 'categorias.id_categoria', [...])
 7 SYSTEMPATH\Validation\Validation.php(337): CodeIgniter\Validation\StrictRules\Rules->is_not_unique('4', 'categorias.id_categoria', [...], null, 'categoria')
 8 SYSTEMPATH\Validation\Validation.php(202): CodeIgniter\Validation\Validation->processRules('categoria', 'categoria', '4', [...], [...], 'categoria')
 9 APPPATH\Controllers\Videojuegos_controller.php(56): CodeIgniter\Validation\Validation->run()
10 SYSTEMPATH\CodeIgniter.php(933): App\Controllers\Videojuegos_controller->registrar_juego()
11 SYSTEMPATH\CodeIgniter.php(507): CodeIgniter\CodeIgniter->runController(Object(App\Controllers\Videojuegos_controller))
12 SYSTEMPATH\CodeIgniter.php(354): CodeIgniter\CodeIgniter->handleRequest(null, Object(Config\Cache), false)
13 SYSTEMPATH\Boot.php(334): CodeIgniter\CodeIgniter->run()
14 SYSTEMPATH\Boot.php(67): CodeIgniter\Boot::runCodeIgniter(Object(CodeIgniter\CodeIgniter))
15 FCPATH\index.php(56): CodeIgniter\Boot::bootWeb(Object(Config\Paths))
DEBUG - 2025-06-14 19:50:09 --> Session: Class initialized using 'CodeIgniter\Session\Handlers\FileHandler' driver.
ERROR - 2025-06-14 19:50:12 --> mysqli_sql_exception: Unknown column 'id_categoria' in 'where clause' in C:\xampp\htdocs\proyecto_firmapaz_gabriel\system\Database\MySQLi\Connection.php:327
Stack trace:
#0 C:\xampp\htdocs\proyecto_firmapaz_gabriel\system\Database\MySQLi\Connection.php(327): mysqli->query('SELECT 1\nFROM `...', 0)
#1 C:\xampp\htdocs\proyecto_firmapaz_gabriel\system\Database\BaseConnection.php(738): CodeIgniter\Database\MySQLi\Connection->execute('SELECT 1\nFROM `...')
#2 C:\xampp\htdocs\proyecto_firmapaz_gabriel\system\Database\BaseConnection.php(652): CodeIgniter\Database\BaseConnection->simpleQuery('SELECT 1\nFROM `...')
#3 C:\xampp\htdocs\proyecto_firmapaz_gabriel\system\Database\BaseBuilder.php(1649): CodeIgniter\Database\BaseConnection->query('SELECT 1\nFROM `...', Array, false)
#4 C:\xampp\htdocs\proyecto_firmapaz_gabriel\system\Validation\Rules.php(132): CodeIgniter\Database\BaseBuilder->get()
#5 C:\xampp\htdocs\proyecto_firmapaz_gabriel\system\Validation\StrictRules\Rules.php(148): CodeIgniter\Validation\Rules->is_not_unique('4', 'categorias.id_c...', Array)
#6 C:\xampp\htdocs\proyecto_firmapaz_gabriel\system\Validation\Validation.php(337): CodeIgniter\Validation\StrictRules\Rules->is_not_unique('4', 'categorias.id_c...', Array, NULL, 'categoria')
#7 C:\xampp\htdocs\proyecto_firmapaz_gabriel\system\Validation\Validation.php(202): CodeIgniter\Validation\Validation->processRules('categoria', 'categoria', '4', Array, Array, 'categoria')
#8 C:\xampp\htdocs\proyecto_firmapaz_gabriel\app\Controllers\Videojuegos_controller.php(56): CodeIgniter\Validation\Validation->run()
#9 C:\xampp\htdocs\proyecto_firmapaz_gabriel\system\CodeIgniter.php(933): App\Controllers\Videojuegos_controller->registrar_juego()
#10 C:\xampp\htdocs\proyecto_firmapaz_gabriel\system\CodeIgniter.php(507): CodeIgniter\CodeIgniter->runController(Object(App\Controllers\Videojuegos_controller))
#11 C:\xampp\htdocs\proyecto_firmapaz_gabriel\system\CodeIgniter.php(354): CodeIgniter\CodeIgniter->handleRequest(NULL, Object(Config\Cache), false)
#12 C:\xampp\htdocs\proyecto_firmapaz_gabriel\system\Boot.php(334): CodeIgniter\CodeIgniter->run()
#13 C:\xampp\htdocs\proyecto_firmapaz_gabriel\system\Boot.php(67): CodeIgniter\Boot::runCodeIgniter(Object(CodeIgniter\CodeIgniter))
#14 C:\xampp\htdocs\proyecto_firmapaz_gabriel\index.php(56): CodeIgniter\Boot::bootWeb(Object(Config\Paths))
#15 {main}
CRITICAL - 2025-06-14 19:50:12 --> CodeIgniter\Database\Exceptions\DatabaseException: Unknown column 'id_categoria' in 'where clause'
[Method: POST, Route: insertar_juego]
in SYSTEMPATH\Database\BaseConnection.php on line 692.
 1 SYSTEMPATH\Database\BaseBuilder.php(1649): CodeIgniter\Database\BaseConnection->query('SELECT 1
FROM `categorias`
WHERE `id_categoria` = :id_categoria:
 LIMIT 1', [...], false)
 2 SYSTEMPATH\Validation\Rules.php(132): CodeIgniter\Database\BaseBuilder->get()
 3 SYSTEMPATH\Validation\StrictRules\Rules.php(148): CodeIgniter\Validation\Rules->is_not_unique('4', 'categorias.id_categoria', [...])
 4 SYSTEMPATH\Validation\Validation.php(337): CodeIgniter\Validation\StrictRules\Rules->is_not_unique('4', 'categorias.id_categoria', [...], null, 'categoria')
 5 SYSTEMPATH\Validation\Validation.php(202): CodeIgniter\Validation\Validation->processRules('categoria', 'categoria', '4', [...], [...], 'categoria')
 6 APPPATH\Controllers\Videojuegos_controller.php(56): CodeIgniter\Validation\Validation->run()
 7 SYSTEMPATH\CodeIgniter.php(933): App\Controllers\Videojuegos_controller->registrar_juego()
 8 SYSTEMPATH\CodeIgniter.php(507): CodeIgniter\CodeIgniter->runController(Object(App\Controllers\Videojuegos_controller))
 9 SYSTEMPATH\CodeIgniter.php(354): CodeIgniter\CodeIgniter->handleRequest(null, Object(Config\Cache), false)
10 SYSTEMPATH\Boot.php(334): CodeIgniter\CodeIgniter->run()
11 SYSTEMPATH\Boot.php(67): CodeIgniter\Boot::runCodeIgniter(Object(CodeIgniter\CodeIgniter))
12 FCPATH\index.php(56): CodeIgniter\Boot::bootWeb(Object(Config\Paths))
CRITICAL - 2025-06-14 19:50:12 --> [Caused by] CodeIgniter\Database\Exceptions\DatabaseException: Unknown column 'id_categoria' in 'where clause'
in SYSTEMPATH\Database\MySQLi\Connection.php on line 332.
 1 SYSTEMPATH\Database\BaseConnection.php(738): CodeIgniter\Database\MySQLi\Connection->execute('SELECT 1
FROM `categorias`
WHERE `id_categoria` = \'4\'
 LIMIT 1')
 2 SYSTEMPATH\Database\BaseConnection.php(652): CodeIgniter\Database\BaseConnection->simpleQuery('SELECT 1
FROM `categorias`
WHERE `id_categoria` = \'4\'
 LIMIT 1')
 3 SYSTEMPATH\Database\BaseBuilder.php(1649): CodeIgniter\Database\BaseConnection->query('SELECT 1
FROM `categorias`
WHERE `id_categoria` = :id_categoria:
 LIMIT 1', [...], false)
 4 SYSTEMPATH\Validation\Rules.php(132): CodeIgniter\Database\BaseBuilder->get()
 5 SYSTEMPATH\Validation\StrictRules\Rules.php(148): CodeIgniter\Validation\Rules->is_not_unique('4', 'categorias.id_categoria', [...])
 6 SYSTEMPATH\Validation\Validation.php(337): CodeIgniter\Validation\StrictRules\Rules->is_not_unique('4', 'categorias.id_categoria', [...], null, 'categoria')
 7 SYSTEMPATH\Validation\Validation.php(202): CodeIgniter\Validation\Validation->processRules('categoria', 'categoria', '4', [...], [...], 'categoria')
 8 APPPATH\Controllers\Videojuegos_controller.php(56): CodeIgniter\Validation\Validation->run()
 9 SYSTEMPATH\CodeIgniter.php(933): App\Controllers\Videojuegos_controller->registrar_juego()
10 SYSTEMPATH\CodeIgniter.php(507): CodeIgniter\CodeIgniter->runController(Object(App\Controllers\Videojuegos_controller))
11 SYSTEMPATH\CodeIgniter.php(354): CodeIgniter\CodeIgniter->handleRequest(null, Object(Config\Cache), false)
12 SYSTEMPATH\Boot.php(334): CodeIgniter\CodeIgniter->run()
13 SYSTEMPATH\Boot.php(67): CodeIgniter\Boot::runCodeIgniter(Object(CodeIgniter\CodeIgniter))
14 FCPATH\index.php(56): CodeIgniter\Boot::bootWeb(Object(Config\Paths))
CRITICAL - 2025-06-14 19:50:12 --> [Caused by] mysqli_sql_exception: Unknown column 'id_categoria' in 'where clause'
in SYSTEMPATH\Database\MySQLi\Connection.php on line 327.
 1 SYSTEMPATH\Database\MySQLi\Connection.php(327): mysqli->query('SELECT 1
FROM `categorias`
WHERE `id_categoria` = \'4\'
 LIMIT 1', 0)
 2 SYSTEMPATH\Database\BaseConnection.php(738): CodeIgniter\Database\MySQLi\Connection->execute('SELECT 1
FROM `categorias`
WHERE `id_categoria` = \'4\'
 LIMIT 1')
 3 SYSTEMPATH\Database\BaseConnection.php(652): CodeIgniter\Database\BaseConnection->simpleQuery('SELECT 1
FROM `categorias`
WHERE `id_categoria` = \'4\'
 LIMIT 1')
 4 SYSTEMPATH\Database\BaseBuilder.php(1649): CodeIgniter\Database\BaseConnection->query('SELECT 1
FROM `categorias`
WHERE `id_categoria` = :id_categoria:
 LIMIT 1', [...], false)
 5 SYSTEMPATH\Validation\Rules.php(132): CodeIgniter\Database\BaseBuilder->get()
 6 SYSTEMPATH\Validation\StrictRules\Rules.php(148): CodeIgniter\Validation\Rules->is_not_unique('4', 'categorias.id_categoria', [...])
 7 SYSTEMPATH\Validation\Validation.php(337): CodeIgniter\Validation\StrictRules\Rules->is_not_unique('4', 'categorias.id_categoria', [...], null, 'categoria')
 8 SYSTEMPATH\Validation\Validation.php(202): CodeIgniter\Validation\Validation->processRules('categoria', 'categoria', '4', [...], [...], 'categoria')
 9 APPPATH\Controllers\Videojuegos_controller.php(56): CodeIgniter\Validation\Validation->run()
10 SYSTEMPATH\CodeIgniter.php(933): App\Controllers\Videojuegos_controller->registrar_juego()
11 SYSTEMPATH\CodeIgniter.php(507): CodeIgniter\CodeIgniter->runController(Object(App\Controllers\Videojuegos_controller))
12 SYSTEMPATH\CodeIgniter.php(354): CodeIgniter\CodeIgniter->handleRequest(null, Object(Config\Cache), false)
13 SYSTEMPATH\Boot.php(334): CodeIgniter\CodeIgniter->run()
14 SYSTEMPATH\Boot.php(67): CodeIgniter\Boot::runCodeIgniter(Object(CodeIgniter\CodeIgniter))
15 FCPATH\index.php(56): CodeIgniter\Boot::bootWeb(Object(Config\Paths))
DEBUG - 2025-06-14 19:52:56 --> Session: Class initialized using 'CodeIgniter\Session\Handlers\FileHandler' driver.
CRITICAL - 2025-06-14 19:52:56 --> ErrorException: Undefined array key "id_categoria"
[Method: GET, Route: agregar_juego]
in APPPATH\Views\Backend\agregar_juego.php on line 47.
 1 APPPATH\Views\Backend\agregar_juego.php(47): CodeIgniter\Debug\Exceptions->errorHandler(2, 'Undefined array key "id_categoria"', 'C:\\xampp\\htdocs\\proyecto_firmapaz_gabriel\\app\\Views\\Backend\\agregar_juego.php', 47)
 2 SYSTEMPATH\View\View.php(224): include('C:\\xampp\\htdocs\\proyecto_firmapaz_gabriel\\app\\Views\\Backend\\agregar_juego.php')
 3 SYSTEMPATH\View\View.php(227): CodeIgniter\View\View->CodeIgniter\View\{closure}()
 4 SYSTEMPATH\Common.php(1173): CodeIgniter\View\View->render('Backend/agregar_juego', [], true)
 5 APPPATH\Controllers\Videojuegos_controller.php(13): view('Backend/agregar_juego', [...])
 6 SYSTEMPATH\CodeIgniter.php(933): App\Controllers\Videojuegos_controller->form_agregar_juego()
 7 SYSTEMPATH\CodeIgniter.php(507): CodeIgniter\CodeIgniter->runController(Object(App\Controllers\Videojuegos_controller))
 8 SYSTEMPATH\CodeIgniter.php(354): CodeIgniter\CodeIgniter->handleRequest(null, Object(Config\Cache), false)
 9 SYSTEMPATH\Boot.php(334): CodeIgniter\CodeIgniter->run()
10 SYSTEMPATH\Boot.php(67): CodeIgniter\Boot::runCodeIgniter(Object(CodeIgniter\CodeIgniter))
11 FCPATH\index.php(56): CodeIgniter\Boot::bootWeb(Object(Config\Paths))
ERROR - 2025-06-14 19:53:43 --> mysqli_sql_exception: Unknown column 'id_categoria' in 'where clause' in C:\xampp\htdocs\proyecto_firmapaz_gabriel\system\Database\MySQLi\Connection.php:327
Stack trace:
#0 C:\xampp\htdocs\proyecto_firmapaz_gabriel\system\Database\MySQLi\Connection.php(327): mysqli->query('SELECT 1\nFROM `...', 0)
#1 C:\xampp\htdocs\proyecto_firmapaz_gabriel\system\Database\BaseConnection.php(738): CodeIgniter\Database\MySQLi\Connection->execute('SELECT 1\nFROM `...')
#2 C:\xampp\htdocs\proyecto_firmapaz_gabriel\system\Database\BaseConnection.php(652): CodeIgniter\Database\BaseConnection->simpleQuery('SELECT 1\nFROM `...')
#3 C:\xampp\htdocs\proyecto_firmapaz_gabriel\system\Database\BaseBuilder.php(1649): CodeIgniter\Database\BaseConnection->query('SELECT 1\nFROM `...', Array, false)
#4 C:\xampp\htdocs\proyecto_firmapaz_gabriel\system\Validation\Rules.php(132): CodeIgniter\Database\BaseBuilder->get()
#5 C:\xampp\htdocs\proyecto_firmapaz_gabriel\system\Validation\StrictRules\Rules.php(148): CodeIgniter\Validation\Rules->is_not_unique('4', 'categorias.id_c...', Array)
#6 C:\xampp\htdocs\proyecto_firmapaz_gabriel\system\Validation\Validation.php(337): CodeIgniter\Validation\StrictRules\Rules->is_not_unique('4', 'categorias.id_c...', Array, NULL, 'categoria')
#7 C:\xampp\htdocs\proyecto_firmapaz_gabriel\system\Validation\Validation.php(202): CodeIgniter\Validation\Validation->processRules('categoria', 'categoria', '4', Array, Array, 'categoria')
#8 C:\xampp\htdocs\proyecto_firmapaz_gabriel\app\Controllers\Videojuegos_controller.php(56): CodeIgniter\Validation\Validation->run()
#9 C:\xampp\htdocs\proyecto_firmapaz_gabriel\system\CodeIgniter.php(933): App\Controllers\Videojuegos_controller->registrar_juego()
#10 C:\xampp\htdocs\proyecto_firmapaz_gabriel\system\CodeIgniter.php(507): CodeIgniter\CodeIgniter->runController(Object(App\Controllers\Videojuegos_controller))
#11 C:\xampp\htdocs\proyecto_firmapaz_gabriel\system\CodeIgniter.php(354): CodeIgniter\CodeIgniter->handleRequest(NULL, Object(Config\Cache), false)
#12 C:\xampp\htdocs\proyecto_firmapaz_gabriel\system\Boot.php(334): CodeIgniter\CodeIgniter->run()
#13 C:\xampp\htdocs\proyecto_firmapaz_gabriel\system\Boot.php(67): CodeIgniter\Boot::runCodeIgniter(Object(CodeIgniter\CodeIgniter))
#14 C:\xampp\htdocs\proyecto_firmapaz_gabriel\index.php(56): CodeIgniter\Boot::bootWeb(Object(Config\Paths))
#15 {main}
CRITICAL - 2025-06-14 19:53:43 --> CodeIgniter\Database\Exceptions\DatabaseException: Unknown column 'id_categoria' in 'where clause'
[Method: POST, Route: insertar_juego]
in SYSTEMPATH\Database\BaseConnection.php on line 692.
 1 SYSTEMPATH\Database\BaseBuilder.php(1649): CodeIgniter\Database\BaseConnection->query('SELECT 1
FROM `categorias`
WHERE `id_categoria` = :id_categoria:
 LIMIT 1', [...], false)
 2 SYSTEMPATH\Validation\Rules.php(132): CodeIgniter\Database\BaseBuilder->get()
 3 SYSTEMPATH\Validation\StrictRules\Rules.php(148): CodeIgniter\Validation\Rules->is_not_unique('4', 'categorias.id_categoria', [...])
 4 SYSTEMPATH\Validation\Validation.php(337): CodeIgniter\Validation\StrictRules\Rules->is_not_unique('4', 'categorias.id_categoria', [...], null, 'categoria')
 5 SYSTEMPATH\Validation\Validation.php(202): CodeIgniter\Validation\Validation->processRules('categoria', 'categoria', '4', [...], [...], 'categoria')
 6 APPPATH\Controllers\Videojuegos_controller.php(56): CodeIgniter\Validation\Validation->run()
 7 SYSTEMPATH\CodeIgniter.php(933): App\Controllers\Videojuegos_controller->registrar_juego()
 8 SYSTEMPATH\CodeIgniter.php(507): CodeIgniter\CodeIgniter->runController(Object(App\Controllers\Videojuegos_controller))
 9 SYSTEMPATH\CodeIgniter.php(354): CodeIgniter\CodeIgniter->handleRequest(null, Object(Config\Cache), false)
10 SYSTEMPATH\Boot.php(334): CodeIgniter\CodeIgniter->run()
11 SYSTEMPATH\Boot.php(67): CodeIgniter\Boot::runCodeIgniter(Object(CodeIgniter\CodeIgniter))
12 FCPATH\index.php(56): CodeIgniter\Boot::bootWeb(Object(Config\Paths))
CRITICAL - 2025-06-14 19:53:43 --> [Caused by] CodeIgniter\Database\Exceptions\DatabaseException: Unknown column 'id_categoria' in 'where clause'
in SYSTEMPATH\Database\MySQLi\Connection.php on line 332.
 1 SYSTEMPATH\Database\BaseConnection.php(738): CodeIgniter\Database\MySQLi\Connection->execute('SELECT 1
FROM `categorias`
WHERE `id_categoria` = \'4\'
 LIMIT 1')
 2 SYSTEMPATH\Database\BaseConnection.php(652): CodeIgniter\Database\BaseConnection->simpleQuery('SELECT 1
FROM `categorias`
WHERE `id_categoria` = \'4\'
 LIMIT 1')
 3 SYSTEMPATH\Database\BaseBuilder.php(1649): CodeIgniter\Database\BaseConnection->query('SELECT 1
FROM `categorias`
WHERE `id_categoria` = :id_categoria:
 LIMIT 1', [...], false)
 4 SYSTEMPATH\Validation\Rules.php(132): CodeIgniter\Database\BaseBuilder->get()
 5 SYSTEMPATH\Validation\StrictRules\Rules.php(148): CodeIgniter\Validation\Rules->is_not_unique('4', 'categorias.id_categoria', [...])
 6 SYSTEMPATH\Validation\Validation.php(337): CodeIgniter\Validation\StrictRules\Rules->is_not_unique('4', 'categorias.id_categoria', [...], null, 'categoria')
 7 SYSTEMPATH\Validation\Validation.php(202): CodeIgniter\Validation\Validation->processRules('categoria', 'categoria', '4', [...], [...], 'categoria')
 8 APPPATH\Controllers\Videojuegos_controller.php(56): CodeIgniter\Validation\Validation->run()
 9 SYSTEMPATH\CodeIgniter.php(933): App\Controllers\Videojuegos_controller->registrar_juego()
10 SYSTEMPATH\CodeIgniter.php(507): CodeIgniter\CodeIgniter->runController(Object(App\Controllers\Videojuegos_controller))
11 SYSTEMPATH\CodeIgniter.php(354): CodeIgniter\CodeIgniter->handleRequest(null, Object(Config\Cache), false)
12 SYSTEMPATH\Boot.php(334): CodeIgniter\CodeIgniter->run()
13 SYSTEMPATH\Boot.php(67): CodeIgniter\Boot::runCodeIgniter(Object(CodeIgniter\CodeIgniter))
14 FCPATH\index.php(56): CodeIgniter\Boot::bootWeb(Object(Config\Paths))
CRITICAL - 2025-06-14 19:53:43 --> [Caused by] mysqli_sql_exception: Unknown column 'id_categoria' in 'where clause'
in SYSTEMPATH\Database\MySQLi\Connection.php on line 327.
 1 SYSTEMPATH\Database\MySQLi\Connection.php(327): mysqli->query('SELECT 1
FROM `categorias`
WHERE `id_categoria` = \'4\'
 LIMIT 1', 0)
 2 SYSTEMPATH\Database\BaseConnection.php(738): CodeIgniter\Database\MySQLi\Connection->execute('SELECT 1
FROM `categorias`
WHERE `id_categoria` = \'4\'
 LIMIT 1')
 3 SYSTEMPATH\Database\BaseConnection.php(652): CodeIgniter\Database\BaseConnection->simpleQuery('SELECT 1
FROM `categorias`
WHERE `id_categoria` = \'4\'
 LIMIT 1')
 4 SYSTEMPATH\Database\BaseBuilder.php(1649): CodeIgniter\Database\BaseConnection->query('SELECT 1
FROM `categorias`
WHERE `id_categoria` = :id_categoria:
 LIMIT 1', [...], false)
 5 SYSTEMPATH\Validation\Rules.php(132): CodeIgniter\Database\BaseBuilder->get()
 6 SYSTEMPATH\Validation\StrictRules\Rules.php(148): CodeIgniter\Validation\Rules->is_not_unique('4', 'categorias.id_categoria', [...])
 7 SYSTEMPATH\Validation\Validation.php(337): CodeIgniter\Validation\StrictRules\Rules->is_not_unique('4', 'categorias.id_categoria', [...], null, 'categoria')
 8 SYSTEMPATH\Validation\Validation.php(202): CodeIgniter\Validation\Validation->processRules('categoria', 'categoria', '4', [...], [...], 'categoria')
 9 APPPATH\Controllers\Videojuegos_controller.php(56): CodeIgniter\Validation\Validation->run()
10 SYSTEMPATH\CodeIgniter.php(933): App\Controllers\Videojuegos_controller->registrar_juego()
11 SYSTEMPATH\CodeIgniter.php(507): CodeIgniter\CodeIgniter->runController(Object(App\Controllers\Videojuegos_controller))
12 SYSTEMPATH\CodeIgniter.php(354): CodeIgniter\CodeIgniter->handleRequest(null, Object(Config\Cache), false)
13 SYSTEMPATH\Boot.php(334): CodeIgniter\CodeIgniter->run()
14 SYSTEMPATH\Boot.php(67): CodeIgniter\Boot::runCodeIgniter(Object(CodeIgniter\CodeIgniter))
15 FCPATH\index.php(56): CodeIgniter\Boot::bootWeb(Object(Config\Paths))
DEBUG - 2025-06-14 19:56:11 --> Session: Class initialized using 'CodeIgniter\Session\Handlers\FileHandler' driver.
DEBUG - 2025-06-14 19:56:12 --> Session: Class initialized using 'CodeIgniter\Session\Handlers\FileHandler' driver.
CRITICAL - 2025-06-14 19:56:12 --> ErrorException: Undefined array key "id_categoria"
[Method: GET, Route: agregar_juego]
in APPPATH\Views\Backend\agregar_juego.php on line 47.
 1 APPPATH\Views\Backend\agregar_juego.php(47): CodeIgniter\Debug\Exceptions->errorHandler(2, 'Undefined array key "id_categoria"', 'C:\\xampp\\htdocs\\proyecto_firmapaz_gabriel\\app\\Views\\Backend\\agregar_juego.php', 47)
 2 SYSTEMPATH\View\View.php(224): include('C:\\xampp\\htdocs\\proyecto_firmapaz_gabriel\\app\\Views\\Backend\\agregar_juego.php')
 3 SYSTEMPATH\View\View.php(227): CodeIgniter\View\View->CodeIgniter\View\{closure}()
 4 SYSTEMPATH\Common.php(1173): CodeIgniter\View\View->render('Backend/agregar_juego', [], true)
 5 APPPATH\Controllers\Videojuegos_controller.php(13): view('Backend/agregar_juego', [...])
 6 SYSTEMPATH\CodeIgniter.php(933): App\Controllers\Videojuegos_controller->form_agregar_juego()
 7 SYSTEMPATH\CodeIgniter.php(507): CodeIgniter\CodeIgniter->runController(Object(App\Controllers\Videojuegos_controller))
 8 SYSTEMPATH\CodeIgniter.php(354): CodeIgniter\CodeIgniter->handleRequest(null, Object(Config\Cache), false)
 9 SYSTEMPATH\Boot.php(334): CodeIgniter\CodeIgniter->run()
10 SYSTEMPATH\Boot.php(67): CodeIgniter\Boot::runCodeIgniter(Object(CodeIgniter\CodeIgniter))
11 FCPATH\index.php(56): CodeIgniter\Boot::bootWeb(Object(Config\Paths))
DEBUG - 2025-06-14 19:57:03 --> Session: Class initialized using 'CodeIgniter\Session\Handlers\FileHandler' driver.
DEBUG - 2025-06-14 19:57:21 --> Session: Class initialized using 'CodeIgniter\Session\Handlers\FileHandler' driver.
DEBUG - 2025-06-14 19:57:21 --> Session: Class initialized using 'CodeIgniter\Session\Handlers\FileHandler' driver.
DEBUG - 2025-06-14 19:57:24 --> Session: Class initialized using 'CodeIgniter\Session\Handlers\FileHandler' driver.
DEBUG - 2025-06-14 19:57:24 --> Session: Class initialized using 'CodeIgniter\Session\Handlers\FileHandler' driver.
DEBUG - 2025-06-14 19:57:34 --> Session: Class initialized using 'CodeIgniter\Session\Handlers\FileHandler' driver.
DEBUG - 2025-06-14 19:57:38 --> Session: Class initialized using 'CodeIgniter\Session\Handlers\FileHandler' driver.
CRITICAL - 2025-06-14 19:57:38 --> ErrorException: Undefined array key "id_categoria"
[Method: GET, Route: editar_videojuego/10]
in APPPATH\Views\Backend\editar_juego.php on line 55.
 1 APPPATH\Views\Backend\editar_juego.php(55): CodeIgniter\Debug\Exceptions->errorHandler(2, 'Undefined array key "id_categoria"', 'C:\\xampp\\htdocs\\proyecto_firmapaz_gabriel\\app\\Views\\Backend\\editar_juego.php', 55)
 2 SYSTEMPATH\View\View.php(224): include('C:\\xampp\\htdocs\\proyecto_firmapaz_gabriel\\app\\Views\\Backend\\editar_juego.php')
 3 SYSTEMPATH\View\View.php(227): CodeIgniter\View\View->CodeIgniter\View\{closure}()
 4 SYSTEMPATH\Common.php(1173): CodeIgniter\View\View->render('Backend/editar_juego', [], true)
 5 APPPATH\Controllers\Videojuegos_controller.php(97): view('Backend/editar_juego', [...])
 6 SYSTEMPATH\CodeIgniter.php(933): App\Controllers\Videojuegos_controller->form_editar_videojuego('10')
 7 SYSTEMPATH\CodeIgniter.php(507): CodeIgniter\CodeIgniter->runController(Object(App\Controllers\Videojuegos_controller))
 8 SYSTEMPATH\CodeIgniter.php(354): CodeIgniter\CodeIgniter->handleRequest(null, Object(Config\Cache), false)
 9 SYSTEMPATH\Boot.php(334): CodeIgniter\CodeIgniter->run()
10 SYSTEMPATH\Boot.php(67): CodeIgniter\Boot::runCodeIgniter(Object(CodeIgniter\CodeIgniter))
11 FCPATH\index.php(56): CodeIgniter\Boot::bootWeb(Object(Config\Paths))
DEBUG - 2025-06-14 19:58:03 --> Session: Class initialized using 'CodeIgniter\Session\Handlers\FileHandler' driver.
DEBUG - 2025-06-14 19:58:10 --> Session: Class initialized using 'CodeIgniter\Session\Handlers\FileHandler' driver.
DEBUG - 2025-06-14 19:58:15 --> Session: Class initialized using 'CodeIgniter\Session\Handlers\FileHandler' driver.
DEBUG - 2025-06-14 19:58:15 --> Session: Class initialized using 'CodeIgniter\Session\Handlers\FileHandler' driver.
DEBUG - 2025-06-14 19:58:19 --> Session: Class initialized using 'CodeIgniter\Session\Handlers\FileHandler' driver.
DEBUG - 2025-06-14 19:58:19 --> Session: Class initialized using 'CodeIgniter\Session\Handlers\FileHandler' driver.
DEBUG - 2025-06-14 19:58:32 --> Session: Class initialized using 'CodeIgniter\Session\Handlers\FileHandler' driver.
DEBUG - 2025-06-14 19:58:43 --> Session: Class initialized using 'CodeIgniter\Session\Handlers\FileHandler' driver.
DEBUG - 2025-06-14 19:58:44 --> Session: Class initialized using 'CodeIgniter\Session\Handlers\FileHandler' driver.
DEBUG - 2025-06-14 19:58:49 --> Session: Class initialized using 'CodeIgniter\Session\Handlers\FileHandler' driver.
ERROR - 2025-06-14 19:58:54 --> mysqli_sql_exception: Unknown column 'id_categoria' in 'where clause' in C:\xampp\htdocs\proyecto_firmapaz_gabriel\system\Database\MySQLi\Connection.php:327
Stack trace:
#0 C:\xampp\htdocs\proyecto_firmapaz_gabriel\system\Database\MySQLi\Connection.php(327): mysqli->query('SELECT 1\nFROM `...', 0)
#1 C:\xampp\htdocs\proyecto_firmapaz_gabriel\system\Database\BaseConnection.php(738): CodeIgniter\Database\MySQLi\Connection->execute('SELECT 1\nFROM `...')
#2 C:\xampp\htdocs\proyecto_firmapaz_gabriel\system\Database\BaseConnection.php(652): CodeIgniter\Database\BaseConnection->simpleQuery('SELECT 1\nFROM `...')
#3 C:\xampp\htdocs\proyecto_firmapaz_gabriel\system\Database\BaseBuilder.php(1649): CodeIgniter\Database\BaseConnection->query('SELECT 1\nFROM `...', Array, false)
#4 C:\xampp\htdocs\proyecto_firmapaz_gabriel\system\Validation\Rules.php(132): CodeIgniter\Database\BaseBuilder->get()
#5 C:\xampp\htdocs\proyecto_firmapaz_gabriel\system\Validation\StrictRules\Rules.php(148): CodeIgniter\Validation\Rules->is_not_unique('1', 'categorias.id_c...', Array)
#6 C:\xampp\htdocs\proyecto_firmapaz_gabriel\system\Validation\Validation.php(337): CodeIgniter\Validation\StrictRules\Rules->is_not_unique('1', 'categorias.id_c...', Array, NULL, 'categoria')
#7 C:\xampp\htdocs\proyecto_firmapaz_gabriel\system\Validation\Validation.php(202): CodeIgniter\Validation\Validation->processRules('categoria', 'categoria', '1', Array, Array, 'categoria')
#8 C:\xampp\htdocs\proyecto_firmapaz_gabriel\app\Controllers\Videojuegos_controller.php(154): CodeIgniter\Validation\Validation->run()
#9 C:\xampp\htdocs\proyecto_firmapaz_gabriel\system\CodeIgniter.php(933): App\Controllers\Videojuegos_controller->actualizar_videojuego('10')
#10 C:\xampp\htdocs\proyecto_firmapaz_gabriel\system\CodeIgniter.php(507): CodeIgniter\CodeIgniter->runController(Object(App\Controllers\Videojuegos_controller))
#11 C:\xampp\htdocs\proyecto_firmapaz_gabriel\system\CodeIgniter.php(354): CodeIgniter\CodeIgniter->handleRequest(NULL, Object(Config\Cache), false)
#12 C:\xampp\htdocs\proyecto_firmapaz_gabriel\system\Boot.php(334): CodeIgniter\CodeIgniter->run()
#13 C:\xampp\htdocs\proyecto_firmapaz_gabriel\system\Boot.php(67): CodeIgniter\Boot::runCodeIgniter(Object(CodeIgniter\CodeIgniter))
#14 C:\xampp\htdocs\proyecto_firmapaz_gabriel\index.php(56): CodeIgniter\Boot::bootWeb(Object(Config\Paths))
#15 {main}
CRITICAL - 2025-06-14 19:58:54 --> CodeIgniter\Database\Exceptions\DatabaseException: Unknown column 'id_categoria' in 'where clause'
[Method: POST, Route: actualizar_videojuego/10]
in SYSTEMPATH\Database\BaseConnection.php on line 692.
 1 SYSTEMPATH\Database\BaseBuilder.php(1649): CodeIgniter\Database\BaseConnection->query('SELECT 1
FROM `categorias`
WHERE `id_categoria` = :id_categoria:
 LIMIT 1', [...], false)
 2 SYSTEMPATH\Validation\Rules.php(132): CodeIgniter\Database\BaseBuilder->get()
 3 SYSTEMPATH\Validation\StrictRules\Rules.php(148): CodeIgniter\Validation\Rules->is_not_unique('1', 'categorias.id_categoria', [...])
 4 SYSTEMPATH\Validation\Validation.php(337): CodeIgniter\Validation\StrictRules\Rules->is_not_unique('1', 'categorias.id_categoria', [...], null, 'categoria')
 5 SYSTEMPATH\Validation\Validation.php(202): CodeIgniter\Validation\Validation->processRules('categoria', 'categoria', '1', [...], [...], 'categoria')
 6 APPPATH\Controllers\Videojuegos_controller.php(154): CodeIgniter\Validation\Validation->run()
 7 SYSTEMPATH\CodeIgniter.php(933): App\Controllers\Videojuegos_controller->actualizar_videojuego('10')
 8 SYSTEMPATH\CodeIgniter.php(507): CodeIgniter\CodeIgniter->runController(Object(App\Controllers\Videojuegos_controller))
 9 SYSTEMPATH\CodeIgniter.php(354): CodeIgniter\CodeIgniter->handleRequest(null, Object(Config\Cache), false)
10 SYSTEMPATH\Boot.php(334): CodeIgniter\CodeIgniter->run()
11 SYSTEMPATH\Boot.php(67): CodeIgniter\Boot::runCodeIgniter(Object(CodeIgniter\CodeIgniter))
12 FCPATH\index.php(56): CodeIgniter\Boot::bootWeb(Object(Config\Paths))
CRITICAL - 2025-06-14 19:58:54 --> [Caused by] CodeIgniter\Database\Exceptions\DatabaseException: Unknown column 'id_categoria' in 'where clause'
in SYSTEMPATH\Database\MySQLi\Connection.php on line 332.
 1 SYSTEMPATH\Database\BaseConnection.php(738): CodeIgniter\Database\MySQLi\Connection->execute('SELECT 1
FROM `categorias`
WHERE `id_categoria` = \'1\'
 LIMIT 1')
 2 SYSTEMPATH\Database\BaseConnection.php(652): CodeIgniter\Database\BaseConnection->simpleQuery('SELECT 1
FROM `categorias`
WHERE `id_categoria` = \'1\'
 LIMIT 1')
 3 SYSTEMPATH\Database\BaseBuilder.php(1649): CodeIgniter\Database\BaseConnection->query('SELECT 1
FROM `categorias`
WHERE `id_categoria` = :id_categoria:
 LIMIT 1', [...], false)
 4 SYSTEMPATH\Validation\Rules.php(132): CodeIgniter\Database\BaseBuilder->get()
 5 SYSTEMPATH\Validation\StrictRules\Rules.php(148): CodeIgniter\Validation\Rules->is_not_unique('1', 'categorias.id_categoria', [...])
 6 SYSTEMPATH\Validation\Validation.php(337): CodeIgniter\Validation\StrictRules\Rules->is_not_unique('1', 'categorias.id_categoria', [...], null, 'categoria')
 7 SYSTEMPATH\Validation\Validation.php(202): CodeIgniter\Validation\Validation->processRules('categoria', 'categoria', '1', [...], [...], 'categoria')
 8 APPPATH\Controllers\Videojuegos_controller.php(154): CodeIgniter\Validation\Validation->run()
 9 SYSTEMPATH\CodeIgniter.php(933): App\Controllers\Videojuegos_controller->actualizar_videojuego('10')
10 SYSTEMPATH\CodeIgniter.php(507): CodeIgniter\CodeIgniter->runController(Object(App\Controllers\Videojuegos_controller))
11 SYSTEMPATH\CodeIgniter.php(354): CodeIgniter\CodeIgniter->handleRequest(null, Object(Config\Cache), false)
12 SYSTEMPATH\Boot.php(334): CodeIgniter\CodeIgniter->run()
13 SYSTEMPATH\Boot.php(67): CodeIgniter\Boot::runCodeIgniter(Object(CodeIgniter\CodeIgniter))
14 FCPATH\index.php(56): CodeIgniter\Boot::bootWeb(Object(Config\Paths))
CRITICAL - 2025-06-14 19:58:54 --> [Caused by] mysqli_sql_exception: Unknown column 'id_categoria' in 'where clause'
in SYSTEMPATH\Database\MySQLi\Connection.php on line 327.
 1 SYSTEMPATH\Database\MySQLi\Connection.php(327): mysqli->query('SELECT 1
FROM `categorias`
WHERE `id_categoria` = \'1\'
 LIMIT 1', 0)
 2 SYSTEMPATH\Database\BaseConnection.php(738): CodeIgniter\Database\MySQLi\Connection->execute('SELECT 1
FROM `categorias`
WHERE `id_categoria` = \'1\'
 LIMIT 1')
 3 SYSTEMPATH\Database\BaseConnection.php(652): CodeIgniter\Database\BaseConnection->simpleQuery('SELECT 1
FROM `categorias`
WHERE `id_categoria` = \'1\'
 LIMIT 1')
 4 SYSTEMPATH\Database\BaseBuilder.php(1649): CodeIgniter\Database\BaseConnection->query('SELECT 1
FROM `categorias`
WHERE `id_categoria` = :id_categoria:
 LIMIT 1', [...], false)
 5 SYSTEMPATH\Validation\Rules.php(132): CodeIgniter\Database\BaseBuilder->get()
 6 SYSTEMPATH\Validation\StrictRules\Rules.php(148): CodeIgniter\Validation\Rules->is_not_unique('1', 'categorias.id_categoria', [...])
 7 SYSTEMPATH\Validation\Validation.php(337): CodeIgniter\Validation\StrictRules\Rules->is_not_unique('1', 'categorias.id_categoria', [...], null, 'categoria')
 8 SYSTEMPATH\Validation\Validation.php(202): CodeIgniter\Validation\Validation->processRules('categoria', 'categoria', '1', [...], [...], 'categoria')
 9 APPPATH\Controllers\Videojuegos_controller.php(154): CodeIgniter\Validation\Validation->run()
10 SYSTEMPATH\CodeIgniter.php(933): App\Controllers\Videojuegos_controller->actualizar_videojuego('10')
11 SYSTEMPATH\CodeIgniter.php(507): CodeIgniter\CodeIgniter->runController(Object(App\Controllers\Videojuegos_controller))
12 SYSTEMPATH\CodeIgniter.php(354): CodeIgniter\CodeIgniter->handleRequest(null, Object(Config\Cache), false)
13 SYSTEMPATH\Boot.php(334): CodeIgniter\CodeIgniter->run()
14 SYSTEMPATH\Boot.php(67): CodeIgniter\Boot::runCodeIgniter(Object(CodeIgniter\CodeIgniter))
15 FCPATH\index.php(56): CodeIgniter\Boot::bootWeb(Object(Config\Paths))
DEBUG - 2025-06-14 19:59:40 --> Session: Class initialized using 'CodeIgniter\Session\Handlers\FileHandler' driver.
DEBUG - 2025-06-14 19:59:40 --> Session: Class initialized using 'CodeIgniter\Session\Handlers\FileHandler' driver.
DEBUG - 2025-06-14 19:59:48 --> Session: Class initialized using 'CodeIgniter\Session\Handlers\FileHandler' driver.
DEBUG - 2025-06-14 19:59:49 --> Session: Class initialized using 'CodeIgniter\Session\Handlers\FileHandler' driver.
DEBUG - 2025-06-14 20:00:04 --> Session: Class initialized using 'CodeIgniter\Session\Handlers\FileHandler' driver.
DEBUG - 2025-06-14 20:00:05 --> Session: Class initialized using 'CodeIgniter\Session\Handlers\FileHandler' driver.
DEBUG - 2025-06-14 20:00:07 --> Session: Class initialized using 'CodeIgniter\Session\Handlers\FileHandler' driver.
DEBUG - 2025-06-14 20:00:53 --> Session: Class initialized using 'CodeIgniter\Session\Handlers\FileHandler' driver.
DEBUG - 2025-06-14 20:00:53 --> Session: Class initialized using 'CodeIgniter\Session\Handlers\FileHandler' driver.
DEBUG - 2025-06-14 20:00:55 --> Session: Class initialized using 'CodeIgniter\Session\Handlers\FileHandler' driver.
DEBUG - 2025-06-14 20:01:09 --> Session: Class initialized using 'CodeIgniter\Session\Handlers\FileHandler' driver.
DEBUG - 2025-06-14 20:01:10 --> Session: Class initialized using 'CodeIgniter\Session\Handlers\FileHandler' driver.
DEBUG - 2025-06-14 20:01:12 --> Session: Class initialized using 'CodeIgniter\Session\Handlers\FileHandler' driver.
DEBUG - 2025-06-14 20:01:13 --> Session: Class initialized using 'CodeIgniter\Session\Handlers\FileHandler' driver.
DEBUG - 2025-06-14 20:01:14 --> Session: Class initialized using 'CodeIgniter\Session\Handlers\FileHandler' driver.
DEBUG - 2025-06-14 20:01:15 --> Session: Class initialized using 'CodeIgniter\Session\Handlers\FileHandler' driver.
DEBUG - 2025-06-14 20:01:16 --> Session: Class initialized using 'CodeIgniter\Session\Handlers\FileHandler' driver.
DEBUG - 2025-06-14 20:01:19 --> Session: Class initialized using 'CodeIgniter\Session\Handlers\FileHandler' driver.
INFO - 2025-06-14 20:01:19 --> Cart Class Initialized
DEBUG - 2025-06-14 20:01:21 --> Session: Class initialized using 'CodeIgniter\Session\Handlers\FileHandler' driver.
DEBUG - 2025-06-14 20:01:23 --> Session: Class initialized using 'CodeIgniter\Session\Handlers\FileHandler' driver.
INFO - 2025-06-14 20:01:23 --> Cart Class Initialized
DEBUG - 2025-06-14 20:01:23 --> Session: Class initialized using 'CodeIgniter\Session\Handlers\FileHandler' driver.
INFO - 2025-06-14 20:01:23 --> Cart Class Initialized
DEBUG - 2025-06-14 20:01:31 --> Session: Class initialized using 'CodeIgniter\Session\Handlers\FileHandler' driver.
INFO - 2025-06-14 20:01:31 --> Cart Class Initialized
DEBUG - 2025-06-14 20:01:31 --> Session: Class initialized using 'CodeIgniter\Session\Handlers\FileHandler' driver.
INFO - 2025-06-14 20:01:31 --> Cart Class Initialized
DEBUG - 2025-06-14 20:01:33 --> Session: Class initialized using 'CodeIgniter\Session\Handlers\FileHandler' driver.
DEBUG - 2025-06-14 20:01:55 --> Session: Class initialized using 'CodeIgniter\Session\Handlers\FileHandler' driver.
DEBUG - 2025-06-14 20:01:55 --> Session: Class initialized using 'CodeIgniter\Session\Handlers\FileHandler' driver.
DEBUG - 2025-06-14 20:02:09 --> Session: Class initialized using 'CodeIgniter\Session\Handlers\FileHandler' driver.
DEBUG - 2025-06-14 20:02:19 --> Session: Class initialized using 'CodeIgniter\Session\Handlers\FileHandler' driver.
DEBUG - 2025-06-14 20:02:19 --> Session: Class initialized using 'CodeIgniter\Session\Handlers\FileHandler' driver.
DEBUG - 2025-06-14 20:19:01 --> Session: Class initialized using 'CodeIgniter\Session\Handlers\FileHandler' driver.
DEBUG - 2025-06-14 20:19:03 --> Session: Class initialized using 'CodeIgniter\Session\Handlers\FileHandler' driver.
DEBUG - 2025-06-14 20:23:10 --> Session: Class initialized using 'CodeIgniter\Session\Handlers\FileHandler' driver.
DEBUG - 2025-06-14 20:23:10 --> Session: Class initialized using 'CodeIgniter\Session\Handlers\FileHandler' driver.
DEBUG - 2025-06-14 20:23:29 --> Session: Class initialized using 'CodeIgniter\Session\Handlers\FileHandler' driver.
DEBUG - 2025-06-14 20:23:29 --> Session: Class initialized using 'CodeIgniter\Session\Handlers\FileHandler' driver.
DEBUG - 2025-06-14 20:23:32 --> Session: Class initialized using 'CodeIgniter\Session\Handlers\FileHandler' driver.
DEBUG - 2025-06-14 20:23:34 --> Session: Class initialized using 'CodeIgniter\Session\Handlers\FileHandler' driver.
INFO - 2025-06-14 20:23:34 --> Cart Class Initialized
DEBUG - 2025-06-14 20:23:34 --> Session: Class initialized using 'CodeIgniter\Session\Handlers\FileHandler' driver.
INFO - 2025-06-14 20:23:34 --> Cart Class Initialized
DEBUG - 2025-06-14 20:24:03 --> Session: Class initialized using 'CodeIgniter\Session\Handlers\FileHandler' driver.
DEBUG - 2025-06-14 20:24:06 --> Session: Class initialized using 'CodeIgniter\Session\Handlers\FileHandler' driver.
INFO - 2025-06-14 20:24:06 --> Cart Class Initialized
DEBUG - 2025-06-14 20:24:06 --> Session: Class initialized using 'CodeIgniter\Session\Handlers\FileHandler' driver.
INFO - 2025-06-14 20:24:06 --> Cart Class Initialized
DEBUG - 2025-06-14 20:24:07 --> Session: Class initialized using 'CodeIgniter\Session\Handlers\FileHandler' driver.
DEBUG - 2025-06-14 20:24:12 --> Session: Class initialized using 'CodeIgniter\Session\Handlers\FileHandler' driver.
INFO - 2025-06-14 20:24:12 --> Cart Class Initialized
DEBUG - 2025-06-14 20:24:13 --> Session: Class initialized using 'CodeIgniter\Session\Handlers\FileHandler' driver.
INFO - 2025-06-14 20:24:13 --> Cart Class Initialized
DEBUG - 2025-06-14 20:24:25 --> Session: Class initialized using 'CodeIgniter\Session\Handlers\FileHandler' driver.
INFO - 2025-06-14 20:24:25 --> Cart Class Initialized
ERROR - 2025-06-14 20:24:25 --> mysqli_sql_exception: Cannot add or update a child row: a foreign key constraint fails (`bd_firmapaz-conti`.`venta`, CONSTRAINT `venta_ibfk_1` FOREIGN KEY (`id_persona`) REFERENCES `personas` (`id`) ON DELETE CASCADE ON UPDATE CASCADE) in C:\xampp\htdocs\proyecto_firmapaz_gabriel\system\Database\MySQLi\Connection.php:327
Stack trace:
#0 C:\xampp\htdocs\proyecto_firmapaz_gabriel\system\Database\MySQLi\Connection.php(327): mysqli->query('INSERT INTO `ve...', 0)
#1 C:\xampp\htdocs\proyecto_firmapaz_gabriel\system\Database\BaseConnection.php(738): CodeIgniter\Database\MySQLi\Connection->execute('INSERT INTO `ve...')
#2 C:\xampp\htdocs\proyecto_firmapaz_gabriel\system\Database\BaseConnection.php(652): CodeIgniter\Database\BaseConnection->simpleQuery('INSERT INTO `ve...')
#3 C:\xampp\htdocs\proyecto_firmapaz_gabriel\system\Database\BaseBuilder.php(2345): CodeIgniter\Database\BaseConnection->query('INSERT INTO `ve...', Array, false)
#4 C:\xampp\htdocs\proyecto_firmapaz_gabriel\system\Model.php(394): CodeIgniter\Database\BaseBuilder->insert()
#5 C:\xampp\htdocs\proyecto_firmapaz_gabriel\system\BaseModel.php(839): CodeIgniter\Model->doInsert(Array)
#6 C:\xampp\htdocs\proyecto_firmapaz_gabriel\system\Model.php(800): CodeIgniter\BaseModel->insert(Array, true)
#7 C:\xampp\htdocs\proyecto_firmapaz_gabriel\app\Controllers\Carrito_controller.php(66): CodeIgniter\Model->insert(Array)
#8 C:\xampp\htdocs\proyecto_firmapaz_gabriel\system\CodeIgniter.php(933): App\Controllers\Carrito_controller->guardar_venta()
#9 C:\xampp\htdocs\proyecto_firmapaz_gabriel\system\CodeIgniter.php(507): CodeIgniter\CodeIgniter->runController(Object(App\Controllers\Carrito_controller))
#10 C:\xampp\htdocs\proyecto_firmapaz_gabriel\system\CodeIgniter.php(354): CodeIgniter\CodeIgniter->handleRequest(NULL, Object(Config\Cache), false)
#11 C:\xampp\htdocs\proyecto_firmapaz_gabriel\system\Boot.php(334): CodeIgniter\CodeIgniter->run()
#12 C:\xampp\htdocs\proyecto_firmapaz_gabriel\system\Boot.php(67): CodeIgniter\Boot::runCodeIgniter(Object(CodeIgniter\CodeIgniter))
#13 C:\xampp\htdocs\proyecto_firmapaz_gabriel\index.php(56): CodeIgniter\Boot::bootWeb(Object(Config\Paths))
#14 {main}
CRITICAL - 2025-06-14 20:24:25 --> CodeIgniter\Database\Exceptions\DatabaseException: Cannot add or update a child row: a foreign key constraint fails (`bd_firmapaz-conti`.`venta`, CONSTRAINT `venta_ibfk_1` FOREIGN KEY (`id_persona`) REFERENCES `personas` (`id`) ON DELETE CASCADE ON UPDATE CASCADE)
[Method: GET, Route: ventas]
in SYSTEMPATH\Database\BaseConnection.php on line 692.
 1 SYSTEMPATH\Database\BaseBuilder.php(2345): CodeIgniter\Database\BaseConnection->query('INSERT INTO `venta` (`fecha_venta`, `total_venta`) VALUES (:fecha_venta:, :total_venta:)', [...], false)
 2 SYSTEMPATH\Model.php(394): CodeIgniter\Database\BaseBuilder->insert()
 3 SYSTEMPATH\BaseModel.php(839): CodeIgniter\Model->doInsert([...])
 4 SYSTEMPATH\Model.php(800): CodeIgniter\BaseModel->insert([...], true)
 5 APPPATH\Controllers\Carrito_controller.php(66): CodeIgniter\Model->insert([...])
 6 SYSTEMPATH\CodeIgniter.php(933): App\Controllers\Carrito_controller->guardar_venta()
 7 SYSTEMPATH\CodeIgniter.php(507): CodeIgniter\CodeIgniter->runController(Object(App\Controllers\Carrito_controller))
 8 SYSTEMPATH\CodeIgniter.php(354): CodeIgniter\CodeIgniter->handleRequest(null, Object(Config\Cache), false)
 9 SYSTEMPATH\Boot.php(334): CodeIgniter\CodeIgniter->run()
10 SYSTEMPATH\Boot.php(67): CodeIgniter\Boot::runCodeIgniter(Object(CodeIgniter\CodeIgniter))
11 FCPATH\index.php(56): CodeIgniter\Boot::bootWeb(Object(Config\Paths))
CRITICAL - 2025-06-14 20:24:25 --> [Caused by] CodeIgniter\Database\Exceptions\DatabaseException: Cannot add or update a child row: a foreign key constraint fails (`bd_firmapaz-conti`.`venta`, CONSTRAINT `venta_ibfk_1` FOREIGN KEY (`id_persona`) REFERENCES `personas` (`id`) ON DELETE CASCADE ON UPDATE CASCADE)
in SYSTEMPATH\Database\MySQLi\Connection.php on line 332.
 1 SYSTEMPATH\Database\BaseConnection.php(738): CodeIgniter\Database\MySQLi\Connection->execute('INSERT INTO `venta` (`fecha_venta`, `total_venta`) VALUES (\'2025-06-14\', 126997)')
 2 SYSTEMPATH\Database\BaseConnection.php(652): CodeIgniter\Database\BaseConnection->simpleQuery('INSERT INTO `venta` (`fecha_venta`, `total_venta`) VALUES (\'2025-06-14\', 126997)')
 3 SYSTEMPATH\Database\BaseBuilder.php(2345): CodeIgniter\Database\BaseConnection->query('INSERT INTO `venta` (`fecha_venta`, `total_venta`) VALUES (:fecha_venta:, :total_venta:)', [...], false)
 4 SYSTEMPATH\Model.php(394): CodeIgniter\Database\BaseBuilder->insert()
 5 SYSTEMPATH\BaseModel.php(839): CodeIgniter\Model->doInsert([...])
 6 SYSTEMPATH\Model.php(800): CodeIgniter\BaseModel->insert([...], true)
 7 APPPATH\Controllers\Carrito_controller.php(66): CodeIgniter\Model->insert([...])
 8 SYSTEMPATH\CodeIgniter.php(933): App\Controllers\Carrito_controller->guardar_venta()
 9 SYSTEMPATH\CodeIgniter.php(507): CodeIgniter\CodeIgniter->runController(Object(App\Controllers\Carrito_controller))
10 SYSTEMPATH\CodeIgniter.php(354): CodeIgniter\CodeIgniter->handleRequest(null, Object(Config\Cache), false)
11 SYSTEMPATH\Boot.php(334): CodeIgniter\CodeIgniter->run()
12 SYSTEMPATH\Boot.php(67): CodeIgniter\Boot::runCodeIgniter(Object(CodeIgniter\CodeIgniter))
13 FCPATH\index.php(56): CodeIgniter\Boot::bootWeb(Object(Config\Paths))
CRITICAL - 2025-06-14 20:24:25 --> [Caused by] mysqli_sql_exception: Cannot add or update a child row: a foreign key constraint fails (`bd_firmapaz-conti`.`venta`, CONSTRAINT `venta_ibfk_1` FOREIGN KEY (`id_persona`) REFERENCES `personas` (`id`) ON DELETE CASCADE ON UPDATE CASCADE)
in SYSTEMPATH\Database\MySQLi\Connection.php on line 327.
 1 SYSTEMPATH\Database\MySQLi\Connection.php(327): mysqli->query('INSERT INTO `venta` (`fecha_venta`, `total_venta`) VALUES (\'2025-06-14\', 126997)', 0)
 2 SYSTEMPATH\Database\BaseConnection.php(738): CodeIgniter\Database\MySQLi\Connection->execute('INSERT INTO `venta` (`fecha_venta`, `total_venta`) VALUES (\'2025-06-14\', 126997)')
 3 SYSTEMPATH\Database\BaseConnection.php(652): CodeIgniter\Database\BaseConnection->simpleQuery('INSERT INTO `venta` (`fecha_venta`, `total_venta`) VALUES (\'2025-06-14\', 126997)')
 4 SYSTEMPATH\Database\BaseBuilder.php(2345): CodeIgniter\Database\BaseConnection->query('INSERT INTO `venta` (`fecha_venta`, `total_venta`) VALUES (:fecha_venta:, :total_venta:)', [...], false)
 5 SYSTEMPATH\Model.php(394): CodeIgniter\Database\BaseBuilder->insert()
 6 SYSTEMPATH\BaseModel.php(839): CodeIgniter\Model->doInsert([...])
 7 SYSTEMPATH\Model.php(800): CodeIgniter\BaseModel->insert([...], true)
 8 APPPATH\Controllers\Carrito_controller.php(66): CodeIgniter\Model->insert([...])
 9 SYSTEMPATH\CodeIgniter.php(933): App\Controllers\Carrito_controller->guardar_venta()
10 SYSTEMPATH\CodeIgniter.php(507): CodeIgniter\CodeIgniter->runController(Object(App\Controllers\Carrito_controller))
11 SYSTEMPATH\CodeIgniter.php(354): CodeIgniter\CodeIgniter->handleRequest(null, Object(Config\Cache), false)
12 SYSTEMPATH\Boot.php(334): CodeIgniter\CodeIgniter->run()
13 SYSTEMPATH\Boot.php(67): CodeIgniter\Boot::runCodeIgniter(Object(CodeIgniter\CodeIgniter))
14 FCPATH\index.php(56): CodeIgniter\Boot::bootWeb(Object(Config\Paths))
DEBUG - 2025-06-14 20:35:22 --> Session: Class initialized using 'CodeIgniter\Session\Handlers\FileHandler' driver.
INFO - 2025-06-14 20:35:22 --> Cart Class Initialized
DEBUG - 2025-06-14 20:35:24 --> Session: Class initialized using 'CodeIgniter\Session\Handlers\FileHandler' driver.
INFO - 2025-06-14 20:35:24 --> Cart Class Initialized
DEBUG - 2025-06-14 20:35:24 --> Session: Class initialized using 'CodeIgniter\Session\Handlers\FileHandler' driver.
DEBUG - 2025-06-14 20:35:32 --> Session: Class initialized using 'CodeIgniter\Session\Handlers\FileHandler' driver.
INFO - 2025-06-14 20:35:32 --> Cart Class Initialized
DEBUG - 2025-06-14 20:37:32 --> Session: Class initialized using 'CodeIgniter\Session\Handlers\FileHandler' driver.
DEBUG - 2025-06-14 20:38:04 --> Session: Class initialized using 'CodeIgniter\Session\Handlers\FileHandler' driver.
DEBUG - 2025-06-14 20:38:04 --> Session: Class initialized using 'CodeIgniter\Session\Handlers\FileHandler' driver.
DEBUG - 2025-06-14 20:38:18 --> Session: Class initialized using 'CodeIgniter\Session\Handlers\FileHandler' driver.
DEBUG - 2025-06-14 20:38:19 --> Session: Class initialized using 'CodeIgniter\Session\Handlers\FileHandler' driver.
DEBUG - 2025-06-14 20:38:44 --> Session: Class initialized using 'CodeIgniter\Session\Handlers\FileHandler' driver.
DEBUG - 2025-06-14 20:38:44 --> Session: Class initialized using 'CodeIgniter\Session\Handlers\FileHandler' driver.
DEBUG - 2025-06-14 20:47:05 --> Session: Class initialized using 'CodeIgniter\Session\Handlers\FileHandler' driver.
DEBUG - 2025-06-14 20:47:17 --> Session: Class initialized using 'CodeIgniter\Session\Handlers\FileHandler' driver.
DEBUG - 2025-06-14 20:47:17 --> Session: Class initialized using 'CodeIgniter\Session\Handlers\FileHandler' driver.
DEBUG - 2025-06-14 20:47:22 --> Session: Class initialized using 'CodeIgniter\Session\Handlers\FileHandler' driver.
DEBUG - 2025-06-14 23:15:12 --> Session: Class initialized using 'CodeIgniter\Session\Handlers\FileHandler' driver.
DEBUG - 2025-06-14 23:15:12 --> Session: Class initialized using 'CodeIgniter\Session\Handlers\FileHandler' driver.
DEBUG - 2025-06-14 23:15:21 --> Session: Class initialized using 'CodeIgniter\Session\Handlers\FileHandler' driver.
DEBUG - 2025-06-14 23:15:22 --> Session: Class initialized using 'CodeIgniter\Session\Handlers\FileHandler' driver.
DEBUG - 2025-06-14 23:15:25 --> Session: Class initialized using 'CodeIgniter\Session\Handlers\FileHandler' driver.
INFO - 2025-06-14 23:15:25 --> Cart Class Initialized
DEBUG - 2025-06-14 23:15:27 --> Session: Class initialized using 'CodeIgniter\Session\Handlers\FileHandler' driver.
DEBUG - 2025-06-14 23:15:32 --> Session: Class initialized using 'CodeIgniter\Session\Handlers\FileHandler' driver.
INFO - 2025-06-14 23:15:32 --> Cart Class Initialized
DEBUG - 2025-06-14 23:15:32 --> Session: Class initialized using 'CodeIgniter\Session\Handlers\FileHandler' driver.
INFO - 2025-06-14 23:15:32 --> Cart Class Initialized
DEBUG - 2025-06-14 23:15:34 --> Session: Class initialized using 'CodeIgniter\Session\Handlers\FileHandler' driver.
DEBUG - 2025-06-14 23:15:37 --> Session: Class initialized using 'CodeIgniter\Session\Handlers\FileHandler' driver.
INFO - 2025-06-14 23:15:37 --> Cart Class Initialized
DEBUG - 2025-06-14 23:15:37 --> Session: Class initialized using 'CodeIgniter\Session\Handlers\FileHandler' driver.
INFO - 2025-06-14 23:15:37 --> Cart Class Initialized
DEBUG - 2025-06-14 23:15:38 --> Session: Class initialized using 'CodeIgniter\Session\Handlers\FileHandler' driver.
INFO - 2025-06-14 23:15:38 --> Cart Class Initialized
DEBUG - 2025-06-14 23:15:39 --> Session: Class initialized using 'CodeIgniter\Session\Handlers\FileHandler' driver.
DEBUG - 2025-06-14 23:15:42 --> Session: Class initialized using 'CodeIgniter\Session\Handlers\FileHandler' driver.
DEBUG - 2025-06-14 23:15:43 --> Session: Class initialized using 'CodeIgniter\Session\Handlers\FileHandler' driver.
DEBUG - 2025-06-14 23:15:53 --> Session: Class initialized using 'CodeIgniter\Session\Handlers\FileHandler' driver.
DEBUG - 2025-06-14 23:15:53 --> Session: Class initialized using 'CodeIgniter\Session\Handlers\FileHandler' driver.
DEBUG - 2025-06-14 23:16:00 --> Session: Class initialized using 'CodeIgniter\Session\Handlers\FileHandler' driver.
