DEBUG - 2025-06-19 02:09:25 --> Session: Class initialized using 'CodeIgniter\Session\Handlers\FileHandler' driver.
DEBUG - 2025-06-19 02:10:18 --> Session: Class initialized using 'CodeIgniter\Session\Handlers\FileHandler' driver.
DEBUG - 2025-06-19 02:10:18 --> Session: Class initialized using 'CodeIgniter\Session\Handlers\FileHandler' driver.
DEBUG - 2025-06-19 02:10:21 --> Session: Class initialized using 'CodeIgniter\Session\Handlers\FileHandler' driver.
DEBUG - 2025-06-19 02:10:23 --> Session: Class initialized using 'CodeIgniter\Session\Handlers\FileHandler' driver.
DEBUG - 2025-06-19 02:10:30 --> Session: Class initialized using 'CodeIgniter\Session\Handlers\FileHandler' driver.
DEBUG - 2025-06-19 02:10:36 --> Session: Class initialized using 'CodeIgniter\Session\Handlers\FileHandler' driver.
DEBUG - 2025-06-19 02:10:39 --> Session: Class initialized using 'CodeIgniter\Session\Handlers\FileHandler' driver.
INFO - 2025-06-19 02:10:39 --> Cart Class Initialized
DEBUG - 2025-06-19 02:10:39 --> Session: Class initialized using 'CodeIgniter\Session\Handlers\FileHandler' driver.
INFO - 2025-06-19 02:10:39 --> Cart Class Initialized
DEBUG - 2025-06-19 02:10:47 --> Session: Class initialized using 'CodeIgniter\Session\Handlers\FileHandler' driver.
DEBUG - 2025-06-19 02:10:49 --> Session: Class initialized using 'CodeIgniter\Session\Handlers\FileHandler' driver.
DEBUG - 2025-06-19 02:10:52 --> Session: Class initialized using 'CodeIgniter\Session\Handlers\FileHandler' driver.
DEBUG - 2025-06-19 02:10:53 --> Session: Class initialized using 'CodeIgniter\Session\Handlers\FileHandler' driver.
DEBUG - 2025-06-19 02:10:56 --> Session: Class initialized using 'CodeIgniter\Session\Handlers\FileHandler' driver.
DEBUG - 2025-06-19 02:11:39 --> Session: Class initialized using 'CodeIgniter\Session\Handlers\FileHandler' driver.
DEBUG - 2025-06-19 02:11:43 --> Session: Class initialized using 'CodeIgniter\Session\Handlers\FileHandler' driver.
DEBUG - 2025-06-19 02:11:43 --> Session: Class initialized using 'CodeIgniter\Session\Handlers\FileHandler' driver.
DEBUG - 2025-06-19 02:11:54 --> Session: Class initialized using 'CodeIgniter\Session\Handlers\FileHandler' driver.
DEBUG - 2025-06-19 02:12:04 --> Session: Class initialized using 'CodeIgniter\Session\Handlers\FileHandler' driver.
DEBUG - 2025-06-19 02:12:12 --> Session: Class initialized using 'CodeIgniter\Session\Handlers\FileHandler' driver.
DEBUG - 2025-06-19 02:12:44 --> Session: Class initialized using 'CodeIgniter\Session\Handlers\FileHandler' driver.
DEBUG - 2025-06-19 02:13:16 --> Session: Class initialized using 'CodeIgniter\Session\Handlers\FileHandler' driver.
DEBUG - 2025-06-19 02:13:19 --> Session: Class initialized using 'CodeIgniter\Session\Handlers\FileHandler' driver.
DEBUG - 2025-06-19 02:13:35 --> Session: Class initialized using 'CodeIgniter\Session\Handlers\FileHandler' driver.
DEBUG - 2025-06-19 02:13:35 --> Session: Class initialized using 'CodeIgniter\Session\Handlers\FileHandler' driver.
DEBUG - 2025-06-19 02:13:38 --> Session: Class initialized using 'CodeIgniter\Session\Handlers\FileHandler' driver.
DEBUG - 2025-06-19 02:13:52 --> Session: Class initialized using 'CodeIgniter\Session\Handlers\FileHandler' driver.
DEBUG - 2025-06-19 02:13:53 --> Session: Class initialized using 'CodeIgniter\Session\Handlers\FileHandler' driver.
INFO - 2025-06-19 02:13:53 --> Cart Class Initialized
DEBUG - 2025-06-19 02:13:54 --> Session: Class initialized using 'CodeIgniter\Session\Handlers\FileHandler' driver.
INFO - 2025-06-19 02:13:54 --> Cart Class Initialized
DEBUG - 2025-06-19 02:13:58 --> Session: Class initialized using 'CodeIgniter\Session\Handlers\FileHandler' driver.
DEBUG - 2025-06-19 02:14:01 --> Session: Class initialized using 'CodeIgniter\Session\Handlers\FileHandler' driver.
DEBUG - 2025-06-19 02:14:03 --> Session: Class initialized using 'CodeIgniter\Session\Handlers\FileHandler' driver.
INFO - 2025-06-19 02:14:03 --> Cart Class Initialized
DEBUG - 2025-06-19 02:14:03 --> Session: Class initialized using 'CodeIgniter\Session\Handlers\FileHandler' driver.
INFO - 2025-06-19 02:14:03 --> Cart Class Initialized
DEBUG - 2025-06-19 02:14:14 --> Session: Class initialized using 'CodeIgniter\Session\Handlers\FileHandler' driver.
DEBUG - 2025-06-19 02:14:28 --> Session: Class initialized using 'CodeIgniter\Session\Handlers\FileHandler' driver.
DEBUG - 2025-06-19 02:14:31 --> Session: Class initialized using 'CodeIgniter\Session\Handlers\FileHandler' driver.
DEBUG - 2025-06-19 02:14:57 --> Session: Class initialized using 'CodeIgniter\Session\Handlers\FileHandler' driver.
INFO - 2025-06-19 02:14:57 --> Cart Class Initialized
DEBUG - 2025-06-19 02:14:58 --> Session: Class initialized using 'CodeIgniter\Session\Handlers\FileHandler' driver.
DEBUG - 2025-06-19 02:15:10 --> Session: Class initialized using 'CodeIgniter\Session\Handlers\FileHandler' driver.
DEBUG - 2025-06-19 02:15:16 --> Session: Class initialized using 'CodeIgniter\Session\Handlers\FileHandler' driver.
DEBUG - 2025-06-19 02:15:40 --> Session: Class initialized using 'CodeIgniter\Session\Handlers\FileHandler' driver.
DEBUG - 2025-06-19 02:15:47 --> Session: Class initialized using 'CodeIgniter\Session\Handlers\FileHandler' driver.
DEBUG - 2025-06-19 02:15:50 --> Session: Class initialized using 'CodeIgniter\Session\Handlers\FileHandler' driver.
DEBUG - 2025-06-19 02:15:54 --> Session: Class initialized using 'CodeIgniter\Session\Handlers\FileHandler' driver.
DEBUG - 2025-06-19 02:15:58 --> Session: Class initialized using 'CodeIgniter\Session\Handlers\FileHandler' driver.
DEBUG - 2025-06-19 02:16:04 --> Session: Class initialized using 'CodeIgniter\Session\Handlers\FileHandler' driver.
DEBUG - 2025-06-19 02:16:09 --> Session: Class initialized using 'CodeIgniter\Session\Handlers\FileHandler' driver.
DEBUG - 2025-06-19 02:16:11 --> Session: Class initialized using 'CodeIgniter\Session\Handlers\FileHandler' driver.
INFO - 2025-06-19 02:16:11 --> Cart Class Initialized
DEBUG - 2025-06-19 02:16:11 --> Session: Class initialized using 'CodeIgniter\Session\Handlers\FileHandler' driver.
INFO - 2025-06-19 02:16:11 --> Cart Class Initialized
DEBUG - 2025-06-19 02:17:00 --> Session: Class initialized using 'CodeIgniter\Session\Handlers\FileHandler' driver.
DEBUG - 2025-06-19 02:17:04 --> Session: Class initialized using 'CodeIgniter\Session\Handlers\FileHandler' driver.
INFO - 2025-06-19 02:17:04 --> Cart Class Initialized
DEBUG - 2025-06-19 02:19:53 --> Session: Class initialized using 'CodeIgniter\Session\Handlers\FileHandler' driver.
INFO - 2025-06-19 02:19:53 --> Cart Class Initialized
DEBUG - 2025-06-19 02:20:11 --> Session: Class initialized using 'CodeIgniter\Session\Handlers\FileHandler' driver.
DEBUG - 2025-06-19 02:20:12 --> Session: Class initialized using 'CodeIgniter\Session\Handlers\FileHandler' driver.
DEBUG - 2025-06-19 02:20:15 --> Session: Class initialized using 'CodeIgniter\Session\Handlers\FileHandler' driver.
DEBUG - 2025-06-19 02:20:17 --> Session: Class initialized using 'CodeIgniter\Session\Handlers\FileHandler' driver.
INFO - 2025-06-19 02:20:17 --> Cart Class Initialized
DEBUG - 2025-06-19 02:20:18 --> Session: Class initialized using 'CodeIgniter\Session\Handlers\FileHandler' driver.
INFO - 2025-06-19 02:20:18 --> Cart Class Initialized
DEBUG - 2025-06-19 02:20:35 --> Session: Class initialized using 'CodeIgniter\Session\Handlers\FileHandler' driver.
DEBUG - 2025-06-19 02:20:38 --> Session: Class initialized using 'CodeIgniter\Session\Handlers\FileHandler' driver.
DEBUG - 2025-06-19 02:20:39 --> Session: Class initialized using 'CodeIgniter\Session\Handlers\FileHandler' driver.
DEBUG - 2025-06-19 02:20:44 --> Session: Class initialized using 'CodeIgniter\Session\Handlers\FileHandler' driver.
INFO - 2025-06-19 02:20:44 --> Cart Class Initialized
DEBUG - 2025-06-19 02:20:45 --> Session: Class initialized using 'CodeIgniter\Session\Handlers\FileHandler' driver.
DEBUG - 2025-06-19 02:20:48 --> Session: Class initialized using 'CodeIgniter\Session\Handlers\FileHandler' driver.
DEBUG - 2025-06-19 02:20:49 --> Session: Class initialized using 'CodeIgniter\Session\Handlers\FileHandler' driver.
DEBUG - 2025-06-19 02:21:09 --> Session: Class initialized using 'CodeIgniter\Session\Handlers\FileHandler' driver.
DEBUG - 2025-06-19 02:21:15 --> Session: Class initialized using 'CodeIgniter\Session\Handlers\FileHandler' driver.
DEBUG - 2025-06-19 02:21:18 --> Session: Class initialized using 'CodeIgniter\Session\Handlers\FileHandler' driver.
DEBUG - 2025-06-19 02:21:21 --> Session: Class initialized using 'CodeIgniter\Session\Handlers\FileHandler' driver.
DEBUG - 2025-06-19 02:21:23 --> Session: Class initialized using 'CodeIgniter\Session\Handlers\FileHandler' driver.
INFO - 2025-06-19 02:21:23 --> Cart Class Initialized
DEBUG - 2025-06-19 02:21:23 --> Session: Class initialized using 'CodeIgniter\Session\Handlers\FileHandler' driver.
INFO - 2025-06-19 02:21:23 --> Cart Class Initialized
DEBUG - 2025-06-19 02:23:32 --> Session: Class initialized using 'CodeIgniter\Session\Handlers\FileHandler' driver.
INFO - 2025-06-19 02:23:32 --> Cart Class Initialized
DEBUG - 2025-06-19 02:23:33 --> Session: Class initialized using 'CodeIgniter\Session\Handlers\FileHandler' driver.
INFO - 2025-06-19 02:23:33 --> Cart Class Initialized
DEBUG - 2025-06-19 02:25:05 --> Session: Class initialized using 'CodeIgniter\Session\Handlers\FileHandler' driver.
INFO - 2025-06-19 02:25:05 --> Cart Class Initialized
DEBUG - 2025-06-19 02:25:18 --> Session: Class initialized using 'CodeIgniter\Session\Handlers\FileHandler' driver.
INFO - 2025-06-19 02:25:18 --> Cart Class Initialized
DEBUG - 2025-06-19 02:25:27 --> Session: Class initialized using 'CodeIgniter\Session\Handlers\FileHandler' driver.
DEBUG - 2025-06-19 02:25:29 --> Session: Class initialized using 'CodeIgniter\Session\Handlers\FileHandler' driver.
DEBUG - 2025-06-19 02:25:31 --> Session: Class initialized using 'CodeIgniter\Session\Handlers\FileHandler' driver.
INFO - 2025-06-19 02:25:31 --> Cart Class Initialized
DEBUG - 2025-06-19 02:25:32 --> Session: Class initialized using 'CodeIgniter\Session\Handlers\FileHandler' driver.
INFO - 2025-06-19 02:25:32 --> Cart Class Initialized
DEBUG - 2025-06-19 02:25:36 --> Session: Class initialized using 'CodeIgniter\Session\Handlers\FileHandler' driver.
INFO - 2025-06-19 02:25:36 --> Cart Class Initialized
DEBUG - 2025-06-19 02:25:40 --> Session: Class initialized using 'CodeIgniter\Session\Handlers\FileHandler' driver.
DEBUG - 2025-06-19 02:25:44 --> Session: Class initialized using 'CodeIgniter\Session\Handlers\FileHandler' driver.
INFO - 2025-06-19 02:25:44 --> Cart Class Initialized
DEBUG - 2025-06-19 02:25:47 --> Session: Class initialized using 'CodeIgniter\Session\Handlers\FileHandler' driver.
DEBUG - 2025-06-19 02:25:52 --> Session: Class initialized using 'CodeIgniter\Session\Handlers\FileHandler' driver.
INFO - 2025-06-19 02:25:52 --> Cart Class Initialized
DEBUG - 2025-06-19 02:25:56 --> Session: Class initialized using 'CodeIgniter\Session\Handlers\FileHandler' driver.
DEBUG - 2025-06-19 02:25:59 --> Session: Class initialized using 'CodeIgniter\Session\Handlers\FileHandler' driver.
DEBUG - 2025-06-19 02:25:59 --> Session: Class initialized using 'CodeIgniter\Session\Handlers\FileHandler' driver.
DEBUG - 2025-06-19 02:26:23 --> Session: Class initialized using 'CodeIgniter\Session\Handlers\FileHandler' driver.
INFO - 2025-06-19 02:26:23 --> Cart Class Initialized
DEBUG - 2025-06-19 02:26:23 --> Session: Class initialized using 'CodeIgniter\Session\Handlers\FileHandler' driver.
DEBUG - 2025-06-19 02:26:36 --> Session: Class initialized using 'CodeIgniter\Session\Handlers\FileHandler' driver.
DEBUG - 2025-06-19 02:26:38 --> Session: Class initialized using 'CodeIgniter\Session\Handlers\FileHandler' driver.
INFO - 2025-06-19 02:26:38 --> Cart Class Initialized
DEBUG - 2025-06-19 02:26:38 --> Session: Class initialized using 'CodeIgniter\Session\Handlers\FileHandler' driver.
INFO - 2025-06-19 02:26:38 --> Cart Class Initialized
DEBUG - 2025-06-19 02:26:39 --> Session: Class initialized using 'CodeIgniter\Session\Handlers\FileHandler' driver.
DEBUG - 2025-06-19 02:26:41 --> Session: Class initialized using 'CodeIgniter\Session\Handlers\FileHandler' driver.
DEBUG - 2025-06-19 02:26:42 --> Session: Class initialized using 'CodeIgniter\Session\Handlers\FileHandler' driver.
DEBUG - 2025-06-19 02:29:01 --> Session: Class initialized using 'CodeIgniter\Session\Handlers\FileHandler' driver.
DEBUG - 2025-06-19 02:29:04 --> Session: Class initialized using 'CodeIgniter\Session\Handlers\FileHandler' driver.
DEBUG - 2025-06-19 02:29:07 --> Session: Class initialized using 'CodeIgniter\Session\Handlers\FileHandler' driver.
DEBUG - 2025-06-19 02:29:24 --> Session: Class initialized using 'CodeIgniter\Session\Handlers\FileHandler' driver.
DEBUG - 2025-06-19 02:29:26 --> Session: Class initialized using 'CodeIgniter\Session\Handlers\FileHandler' driver.
DEBUG - 2025-06-19 02:29:32 --> Session: Class initialized using 'CodeIgniter\Session\Handlers\FileHandler' driver.
DEBUG - 2025-06-19 02:30:24 --> Session: Class initialized using 'CodeIgniter\Session\Handlers\FileHandler' driver.
DEBUG - 2025-06-19 02:30:27 --> Session: Class initialized using 'CodeIgniter\Session\Handlers\FileHandler' driver.
DEBUG - 2025-06-19 02:30:29 --> Session: Class initialized using 'CodeIgniter\Session\Handlers\FileHandler' driver.
DEBUG - 2025-06-19 02:30:53 --> Session: Class initialized using 'CodeIgniter\Session\Handlers\FileHandler' driver.
DEBUG - 2025-06-19 02:31:02 --> Session: Class initialized using 'CodeIgniter\Session\Handlers\FileHandler' driver.
DEBUG - 2025-06-19 02:31:04 --> Session: Class initialized using 'CodeIgniter\Session\Handlers\FileHandler' driver.
DEBUG - 2025-06-19 02:31:07 --> Session: Class initialized using 'CodeIgniter\Session\Handlers\FileHandler' driver.
DEBUG - 2025-06-19 02:31:10 --> Session: Class initialized using 'CodeIgniter\Session\Handlers\FileHandler' driver.
INFO - 2025-06-19 02:31:10 --> Cart Class Initialized
DEBUG - 2025-06-19 02:31:10 --> Session: Class initialized using 'CodeIgniter\Session\Handlers\FileHandler' driver.
INFO - 2025-06-19 02:31:10 --> Cart Class Initialized
DEBUG - 2025-06-19 02:31:16 --> Session: Class initialized using 'CodeIgniter\Session\Handlers\FileHandler' driver.
DEBUG - 2025-06-19 02:31:18 --> Session: Class initialized using 'CodeIgniter\Session\Handlers\FileHandler' driver.
DEBUG - 2025-06-19 02:31:19 --> Session: Class initialized using 'CodeIgniter\Session\Handlers\FileHandler' driver.
DEBUG - 2025-06-19 02:31:21 --> Session: Class initialized using 'CodeIgniter\Session\Handlers\FileHandler' driver.
INFO - 2025-06-19 02:31:21 --> Cart Class Initialized
DEBUG - 2025-06-19 02:31:21 --> Session: Class initialized using 'CodeIgniter\Session\Handlers\FileHandler' driver.
DEBUG - 2025-06-19 02:31:21 --> Session: Class initialized using 'CodeIgniter\Session\Handlers\FileHandler' driver.
DEBUG - 2025-06-19 02:31:44 --> Session: Class initialized using 'CodeIgniter\Session\Handlers\FileHandler' driver.
DEBUG - 2025-06-19 02:31:47 --> Session: Class initialized using 'CodeIgniter\Session\Handlers\FileHandler' driver.
DEBUG - 2025-06-19 02:31:52 --> Session: Class initialized using 'CodeIgniter\Session\Handlers\FileHandler' driver.
DEBUG - 2025-06-19 02:31:55 --> Session: Class initialized using 'CodeIgniter\Session\Handlers\FileHandler' driver.
DEBUG - 2025-06-19 02:32:00 --> Session: Class initialized using 'CodeIgniter\Session\Handlers\FileHandler' driver.
INFO - 2025-06-19 02:32:00 --> Cart Class Initialized
DEBUG - 2025-06-19 02:32:02 --> Session: Class initialized using 'CodeIgniter\Session\Handlers\FileHandler' driver.
DEBUG - 2025-06-19 02:32:04 --> Session: Class initialized using 'CodeIgniter\Session\Handlers\FileHandler' driver.
DEBUG - 2025-06-19 02:32:06 --> Session: Class initialized using 'CodeIgniter\Session\Handlers\FileHandler' driver.
INFO - 2025-06-19 02:32:06 --> Cart Class Initialized
DEBUG - 2025-06-19 02:32:07 --> Session: Class initialized using 'CodeIgniter\Session\Handlers\FileHandler' driver.
INFO - 2025-06-19 02:32:07 --> Cart Class Initialized
DEBUG - 2025-06-19 02:32:09 --> Session: Class initialized using 'CodeIgniter\Session\Handlers\FileHandler' driver.
DEBUG - 2025-06-19 02:32:12 --> Session: Class initialized using 'CodeIgniter\Session\Handlers\FileHandler' driver.
DEBUG - 2025-06-19 02:32:12 --> Session: Class initialized using 'CodeIgniter\Session\Handlers\FileHandler' driver.
DEBUG - 2025-06-19 02:34:19 --> Session: Class initialized using 'CodeIgniter\Session\Handlers\FileHandler' driver.
DEBUG - 2025-06-19 02:35:57 --> Session: Class initialized using 'CodeIgniter\Session\Handlers\FileHandler' driver.
DEBUG - 2025-06-19 02:36:01 --> Session: Class initialized using 'CodeIgniter\Session\Handlers\FileHandler' driver.
DEBUG - 2025-06-19 02:36:05 --> Session: Class initialized using 'CodeIgniter\Session\Handlers\FileHandler' driver.
DEBUG - 2025-06-19 02:36:07 --> Session: Class initialized using 'CodeIgniter\Session\Handlers\FileHandler' driver.
INFO - 2025-06-19 02:36:07 --> Cart Class Initialized
DEBUG - 2025-06-19 02:36:11 --> Session: Class initialized using 'CodeIgniter\Session\Handlers\FileHandler' driver.
DEBUG - 2025-06-19 02:36:13 --> Session: Class initialized using 'CodeIgniter\Session\Handlers\FileHandler' driver.
DEBUG - 2025-06-19 02:36:13 --> Session: Class initialized using 'CodeIgniter\Session\Handlers\FileHandler' driver.
DEBUG - 2025-06-19 02:36:16 --> Session: Class initialized using 'CodeIgniter\Session\Handlers\FileHandler' driver.
INFO - 2025-06-19 02:36:16 --> Cart Class Initialized
DEBUG - 2025-06-19 02:36:28 --> Session: Class initialized using 'CodeIgniter\Session\Handlers\FileHandler' driver.
DEBUG - 2025-06-19 02:36:30 --> Session: Class initialized using 'CodeIgniter\Session\Handlers\FileHandler' driver.
DEBUG - 2025-06-19 02:36:56 --> Session: Class initialized using 'CodeIgniter\Session\Handlers\FileHandler' driver.
DEBUG - 2025-06-19 02:37:02 --> Session: Class initialized using 'CodeIgniter\Session\Handlers\FileHandler' driver.
INFO - 2025-06-19 02:37:02 --> Cart Class Initialized
DEBUG - 2025-06-19 02:38:47 --> Session: Class initialized using 'CodeIgniter\Session\Handlers\FileHandler' driver.
INFO - 2025-06-19 02:38:47 --> Cart Class Initialized
DEBUG - 2025-06-19 02:39:02 --> Session: Class initialized using 'CodeIgniter\Session\Handlers\FileHandler' driver.
DEBUG - 2025-06-19 02:39:10 --> Session: Class initialized using 'CodeIgniter\Session\Handlers\FileHandler' driver.
DEBUG - 2025-06-19 02:39:21 --> Session: Class initialized using 'CodeIgniter\Session\Handlers\FileHandler' driver.
DEBUG - 2025-06-19 02:39:24 --> Session: Class initialized using 'CodeIgniter\Session\Handlers\FileHandler' driver.
DEBUG - 2025-06-19 02:39:27 --> Session: Class initialized using 'CodeIgniter\Session\Handlers\FileHandler' driver.
INFO - 2025-06-19 02:39:27 --> Cart Class Initialized
DEBUG - 2025-06-19 02:39:27 --> Session: Class initialized using 'CodeIgniter\Session\Handlers\FileHandler' driver.
INFO - 2025-06-19 02:39:27 --> Cart Class Initialized
DEBUG - 2025-06-19 02:39:29 --> Session: Class initialized using 'CodeIgniter\Session\Handlers\FileHandler' driver.
DEBUG - 2025-06-19 02:39:32 --> Session: Class initialized using 'CodeIgniter\Session\Handlers\FileHandler' driver.
DEBUG - 2025-06-19 02:39:34 --> Session: Class initialized using 'CodeIgniter\Session\Handlers\FileHandler' driver.
INFO - 2025-06-19 02:39:34 --> Cart Class Initialized
DEBUG - 2025-06-19 02:39:34 --> Session: Class initialized using 'CodeIgniter\Session\Handlers\FileHandler' driver.
INFO - 2025-06-19 02:39:34 --> Cart Class Initialized
DEBUG - 2025-06-19 02:39:36 --> Session: Class initialized using 'CodeIgniter\Session\Handlers\FileHandler' driver.
DEBUG - 2025-06-19 02:39:38 --> Session: Class initialized using 'CodeIgniter\Session\Handlers\FileHandler' driver.
DEBUG - 2025-06-19 02:39:40 --> Session: Class initialized using 'CodeIgniter\Session\Handlers\FileHandler' driver.
INFO - 2025-06-19 02:39:40 --> Cart Class Initialized
DEBUG - 2025-06-19 02:39:41 --> Session: Class initialized using 'CodeIgniter\Session\Handlers\FileHandler' driver.
INFO - 2025-06-19 02:39:41 --> Cart Class Initialized
DEBUG - 2025-06-19 02:39:43 --> Session: Class initialized using 'CodeIgniter\Session\Handlers\FileHandler' driver.
DEBUG - 2025-06-19 02:39:47 --> Session: Class initialized using 'CodeIgniter\Session\Handlers\FileHandler' driver.
DEBUG - 2025-06-19 02:39:49 --> Session: Class initialized using 'CodeIgniter\Session\Handlers\FileHandler' driver.
INFO - 2025-06-19 02:39:49 --> Cart Class Initialized
DEBUG - 2025-06-19 02:39:49 --> Session: Class initialized using 'CodeIgniter\Session\Handlers\FileHandler' driver.
INFO - 2025-06-19 02:39:49 --> Cart Class Initialized
DEBUG - 2025-06-19 02:39:50 --> Session: Class initialized using 'CodeIgniter\Session\Handlers\FileHandler' driver.
DEBUG - 2025-06-19 02:39:53 --> Session: Class initialized using 'CodeIgniter\Session\Handlers\FileHandler' driver.
DEBUG - 2025-06-19 02:39:55 --> Session: Class initialized using 'CodeIgniter\Session\Handlers\FileHandler' driver.
INFO - 2025-06-19 02:39:55 --> Cart Class Initialized
ERROR - 2025-06-19 02:39:55 --> An invalid name was submitted as the product name: Call of Duty: Black Ops 6 (Lote Multigeneracional) The name can only contain alpha-numeric characters, dashes, underscores, colons, and spaces
DEBUG - 2025-06-19 02:39:56 --> Session: Class initialized using 'CodeIgniter\Session\Handlers\FileHandler' driver.
INFO - 2025-06-19 02:39:56 --> Cart Class Initialized
DEBUG - 2025-06-19 02:39:59 --> Session: Class initialized using 'CodeIgniter\Session\Handlers\FileHandler' driver.
DEBUG - 2025-06-19 02:40:02 --> Session: Class initialized using 'CodeIgniter\Session\Handlers\FileHandler' driver.
DEBUG - 2025-06-19 02:40:04 --> Session: Class initialized using 'CodeIgniter\Session\Handlers\FileHandler' driver.
INFO - 2025-06-19 02:40:04 --> Cart Class Initialized
ERROR - 2025-06-19 02:40:04 --> An invalid name was submitted as the product name: Call of Duty: Black Ops 6 (Lote Multigeneracional) The name can only contain alpha-numeric characters, dashes, underscores, colons, and spaces
DEBUG - 2025-06-19 02:40:04 --> Session: Class initialized using 'CodeIgniter\Session\Handlers\FileHandler' driver.
INFO - 2025-06-19 02:40:04 --> Cart Class Initialized
DEBUG - 2025-06-19 02:40:14 --> Session: Class initialized using 'CodeIgniter\Session\Handlers\FileHandler' driver.
DEBUG - 2025-06-19 02:40:17 --> Session: Class initialized using 'CodeIgniter\Session\Handlers\FileHandler' driver.
DEBUG - 2025-06-19 02:40:17 --> Session: Class initialized using 'CodeIgniter\Session\Handlers\FileHandler' driver.
DEBUG - 2025-06-19 02:40:20 --> Session: Class initialized using 'CodeIgniter\Session\Handlers\FileHandler' driver.
INFO - 2025-06-19 02:40:20 --> Cart Class Initialized
DEBUG - 2025-06-19 02:40:27 --> Session: Class initialized using 'CodeIgniter\Session\Handlers\FileHandler' driver.
DEBUG - 2025-06-19 02:40:29 --> Session: Class initialized using 'CodeIgniter\Session\Handlers\FileHandler' driver.
DEBUG - 2025-06-19 02:40:34 --> Session: Class initialized using 'CodeIgniter\Session\Handlers\FileHandler' driver.
DEBUG - 2025-06-19 02:40:48 --> Session: Class initialized using 'CodeIgniter\Session\Handlers\FileHandler' driver.
DEBUG - 2025-06-19 02:40:57 --> Session: Class initialized using 'CodeIgniter\Session\Handlers\FileHandler' driver.
DEBUG - 2025-06-19 02:41:00 --> Session: Class initialized using 'CodeIgniter\Session\Handlers\FileHandler' driver.
INFO - 2025-06-19 02:41:00 --> Cart Class Initialized
ERROR - 2025-06-19 02:41:00 --> An invalid name was submitted as the product name: Call of Duty: Black Ops 6 (Lote Multigeneracional) The name can only contain alpha-numeric characters, dashes, underscores, colons, and spaces
DEBUG - 2025-06-19 02:41:00 --> Session: Class initialized using 'CodeIgniter\Session\Handlers\FileHandler' driver.
INFO - 2025-06-19 02:41:00 --> Cart Class Initialized
DEBUG - 2025-06-19 02:41:02 --> Session: Class initialized using 'CodeIgniter\Session\Handlers\FileHandler' driver.
DEBUG - 2025-06-19 02:41:04 --> Session: Class initialized using 'CodeIgniter\Session\Handlers\FileHandler' driver.
DEBUG - 2025-06-19 02:41:07 --> Session: Class initialized using 'CodeIgniter\Session\Handlers\FileHandler' driver.
INFO - 2025-06-19 02:41:07 --> Cart Class Initialized
ERROR - 2025-06-19 02:41:07 --> An invalid name was submitted as the product name: Call of Duty: Black Ops 6 (Lote Multigeneracional) The name can only contain alpha-numeric characters, dashes, underscores, colons, and spaces
DEBUG - 2025-06-19 02:41:07 --> Session: Class initialized using 'CodeIgniter\Session\Handlers\FileHandler' driver.
INFO - 2025-06-19 02:41:07 --> Cart Class Initialized
DEBUG - 2025-06-19 02:41:09 --> Session: Class initialized using 'CodeIgniter\Session\Handlers\FileHandler' driver.
DEBUG - 2025-06-19 02:41:43 --> Session: Class initialized using 'CodeIgniter\Session\Handlers\FileHandler' driver.
DEBUG - 2025-06-19 02:42:45 --> Session: Class initialized using 'CodeIgniter\Session\Handlers\FileHandler' driver.
DEBUG - 2025-06-19 02:42:47 --> Session: Class initialized using 'CodeIgniter\Session\Handlers\FileHandler' driver.
DEBUG - 2025-06-19 02:42:50 --> Session: Class initialized using 'CodeIgniter\Session\Handlers\FileHandler' driver.
DEBUG - 2025-06-19 02:42:58 --> Session: Class initialized using 'CodeIgniter\Session\Handlers\FileHandler' driver.
DEBUG - 2025-06-19 02:44:06 --> Session: Class initialized using 'CodeIgniter\Session\Handlers\FileHandler' driver.
DEBUG - 2025-06-19 02:44:09 --> Session: Class initialized using 'CodeIgniter\Session\Handlers\FileHandler' driver.
INFO - 2025-06-19 02:44:09 --> Cart Class Initialized
DEBUG - 2025-06-19 02:44:09 --> Session: Class initialized using 'CodeIgniter\Session\Handlers\FileHandler' driver.
INFO - 2025-06-19 02:44:09 --> Cart Class Initialized
DEBUG - 2025-06-19 02:44:12 --> Session: Class initialized using 'CodeIgniter\Session\Handlers\FileHandler' driver.
DEBUG - 2025-06-19 02:44:15 --> Session: Class initialized using 'CodeIgniter\Session\Handlers\FileHandler' driver.
DEBUG - 2025-06-19 02:44:17 --> Session: Class initialized using 'CodeIgniter\Session\Handlers\FileHandler' driver.
INFO - 2025-06-19 02:44:17 --> Cart Class Initialized
ERROR - 2025-06-19 02:44:17 --> An invalid name was submitted as the product name: Call of Duty: Black Ops 6 (Lote Multigeneracional) The name can only contain alpha-numeric characters, dashes, underscores, colons, and spaces
DEBUG - 2025-06-19 02:44:17 --> Session: Class initialized using 'CodeIgniter\Session\Handlers\FileHandler' driver.
INFO - 2025-06-19 02:44:17 --> Cart Class Initialized
DEBUG - 2025-06-19 02:44:20 --> Session: Class initialized using 'CodeIgniter\Session\Handlers\FileHandler' driver.
DEBUG - 2025-06-19 02:44:21 --> Session: Class initialized using 'CodeIgniter\Session\Handlers\FileHandler' driver.
DEBUG - 2025-06-19 02:44:23 --> Session: Class initialized using 'CodeIgniter\Session\Handlers\FileHandler' driver.
INFO - 2025-06-19 02:44:23 --> Cart Class Initialized
DEBUG - 2025-06-19 02:44:23 --> Session: Class initialized using 'CodeIgniter\Session\Handlers\FileHandler' driver.
INFO - 2025-06-19 02:44:23 --> Cart Class Initialized
DEBUG - 2025-06-19 02:44:25 --> Session: Class initialized using 'CodeIgniter\Session\Handlers\FileHandler' driver.
DEBUG - 2025-06-19 02:44:28 --> Session: Class initialized using 'CodeIgniter\Session\Handlers\FileHandler' driver.
DEBUG - 2025-06-19 02:44:30 --> Session: Class initialized using 'CodeIgniter\Session\Handlers\FileHandler' driver.
INFO - 2025-06-19 02:44:30 --> Cart Class Initialized
DEBUG - 2025-06-19 02:44:30 --> Session: Class initialized using 'CodeIgniter\Session\Handlers\FileHandler' driver.
INFO - 2025-06-19 02:44:30 --> Cart Class Initialized
DEBUG - 2025-06-19 02:44:34 --> Session: Class initialized using 'CodeIgniter\Session\Handlers\FileHandler' driver.
DEBUG - 2025-06-19 02:44:36 --> Session: Class initialized using 'CodeIgniter\Session\Handlers\FileHandler' driver.
DEBUG - 2025-06-19 02:44:38 --> Session: Class initialized using 'CodeIgniter\Session\Handlers\FileHandler' driver.
INFO - 2025-06-19 02:44:38 --> Cart Class Initialized
DEBUG - 2025-06-19 02:44:38 --> Session: Class initialized using 'CodeIgniter\Session\Handlers\FileHandler' driver.
INFO - 2025-06-19 02:44:38 --> Cart Class Initialized
DEBUG - 2025-06-19 02:44:41 --> Session: Class initialized using 'CodeIgniter\Session\Handlers\FileHandler' driver.
DEBUG - 2025-06-19 02:44:50 --> Session: Class initialized using 'CodeIgniter\Session\Handlers\FileHandler' driver.
DEBUG - 2025-06-19 02:44:52 --> Session: Class initialized using 'CodeIgniter\Session\Handlers\FileHandler' driver.
INFO - 2025-06-19 02:44:52 --> Cart Class Initialized
DEBUG - 2025-06-19 02:44:53 --> Session: Class initialized using 'CodeIgniter\Session\Handlers\FileHandler' driver.
INFO - 2025-06-19 02:44:53 --> Cart Class Initialized
DEBUG - 2025-06-19 02:44:55 --> Session: Class initialized using 'CodeIgniter\Session\Handlers\FileHandler' driver.
DEBUG - 2025-06-19 02:44:58 --> Session: Class initialized using 'CodeIgniter\Session\Handlers\FileHandler' driver.
DEBUG - 2025-06-19 02:44:59 --> Session: Class initialized using 'CodeIgniter\Session\Handlers\FileHandler' driver.
INFO - 2025-06-19 02:44:59 --> Cart Class Initialized
DEBUG - 2025-06-19 02:44:59 --> Session: Class initialized using 'CodeIgniter\Session\Handlers\FileHandler' driver.
INFO - 2025-06-19 02:44:59 --> Cart Class Initialized
DEBUG - 2025-06-19 02:45:01 --> Session: Class initialized using 'CodeIgniter\Session\Handlers\FileHandler' driver.
DEBUG - 2025-06-19 02:45:04 --> Session: Class initialized using 'CodeIgniter\Session\Handlers\FileHandler' driver.
DEBUG - 2025-06-19 02:45:06 --> Session: Class initialized using 'CodeIgniter\Session\Handlers\FileHandler' driver.
INFO - 2025-06-19 02:45:06 --> Cart Class Initialized
DEBUG - 2025-06-19 02:45:06 --> Session: Class initialized using 'CodeIgniter\Session\Handlers\FileHandler' driver.
INFO - 2025-06-19 02:45:06 --> Cart Class Initialized
DEBUG - 2025-06-19 02:45:08 --> Session: Class initialized using 'CodeIgniter\Session\Handlers\FileHandler' driver.
DEBUG - 2025-06-19 02:45:12 --> Session: Class initialized using 'CodeIgniter\Session\Handlers\FileHandler' driver.
DEBUG - 2025-06-19 02:45:13 --> Session: Class initialized using 'CodeIgniter\Session\Handlers\FileHandler' driver.
INFO - 2025-06-19 02:45:13 --> Cart Class Initialized
ERROR - 2025-06-19 02:45:13 --> An invalid name was submitted as the product name: Call of Duty: Black Ops 6 (Lote Multigeneracional) The name can only contain alpha-numeric characters, dashes, underscores, colons, and spaces
DEBUG - 2025-06-19 02:45:14 --> Session: Class initialized using 'CodeIgniter\Session\Handlers\FileHandler' driver.
INFO - 2025-06-19 02:45:14 --> Cart Class Initialized
DEBUG - 2025-06-19 02:45:19 --> Session: Class initialized using 'CodeIgniter\Session\Handlers\FileHandler' driver.
DEBUG - 2025-06-19 02:45:22 --> Session: Class initialized using 'CodeIgniter\Session\Handlers\FileHandler' driver.
DEBUG - 2025-06-19 02:48:24 --> Session: Class initialized using 'CodeIgniter\Session\Handlers\FileHandler' driver.
DEBUG - 2025-06-19 02:48:24 --> ID del juego: 12
DEBUG - 2025-06-19 02:48:24 --> Datos del juego: Array
(
    [id_videojuego] => 12
    [titulo_videojuego] => Call of Duty: Black Ops 6 (Lote Multigeneracional)
    [descripcion_videojuego] => Se sitúa a principios de los años 90, durante un período de transición y cambios en la política mundial, justo después del fin de la Guerra Fría. El juego presenta una narrativa de suspense y espionaje, con una campaña que incluye escenas cinematográficas, momentos llenos de acción, atracos arriesgados y actividades de espionaje clandestinas. Además, cuenta con un sistema de juego dinámico y una gran variedad de escenarios. 
    [desarrollador_videojuego] => Treyarch
    [distribuidor_videojuego] => Activision
    [precio_videojuego] => 82000
    [imagen_videojuego] => 1750165660_1f887ffb597654aebdea.jpg
    [id_categoria] => 1
    [estado_videojuego] => 1
    [videojuego_stock] => 100
)

DEBUG - 2025-06-19 02:48:28 --> Session: Class initialized using 'CodeIgniter\Session\Handlers\FileHandler' driver.
DEBUG - 2025-06-19 02:48:30 --> Session: Class initialized using 'CodeIgniter\Session\Handlers\FileHandler' driver.
DEBUG - 2025-06-19 02:48:30 --> ID del juego: 2
DEBUG - 2025-06-19 02:48:30 --> Datos del juego: Array
(
    [id_videojuego] => 2
    [titulo_videojuego] => Among Us
    [descripcion_videojuego] => Un juego exclusivamente online donde la verdadera oposición son los otros jugadores que están contigo. Cada juego será diferente dependiendo del rol que estés jugando y de la experiencia o astucia de los otros jugadores.
    [desarrollador_videojuego] => Innersloth
    [distribuidor_videojuego] => Innersloth
    [precio_videojuego] => 5999
    [imagen_videojuego] => juego14.jpg
    [id_categoria] => 4
    [estado_videojuego] => 1
    [videojuego_stock] => 35
)

DEBUG - 2025-06-19 02:48:34 --> Session: Class initialized using 'CodeIgniter\Session\Handlers\FileHandler' driver.
DEBUG - 2025-06-19 02:48:37 --> Session: Class initialized using 'CodeIgniter\Session\Handlers\FileHandler' driver.
DEBUG - 2025-06-19 02:48:37 --> ID del juego: 12
DEBUG - 2025-06-19 02:48:37 --> Datos del juego: Array
(
    [id_videojuego] => 12
    [titulo_videojuego] => Call of Duty: Black Ops 6 (Lote Multigeneracional)
    [descripcion_videojuego] => Se sitúa a principios de los años 90, durante un período de transición y cambios en la política mundial, justo después del fin de la Guerra Fría. El juego presenta una narrativa de suspense y espionaje, con una campaña que incluye escenas cinematográficas, momentos llenos de acción, atracos arriesgados y actividades de espionaje clandestinas. Además, cuenta con un sistema de juego dinámico y una gran variedad de escenarios. 
    [desarrollador_videojuego] => Treyarch
    [distribuidor_videojuego] => Activision
    [precio_videojuego] => 82000
    [imagen_videojuego] => 1750165660_1f887ffb597654aebdea.jpg
    [id_categoria] => 1
    [estado_videojuego] => 1
    [videojuego_stock] => 100
)

DEBUG - 2025-06-19 02:48:39 --> Session: Class initialized using 'CodeIgniter\Session\Handlers\FileHandler' driver.
INFO - 2025-06-19 02:48:39 --> Cart Class Initialized
ERROR - 2025-06-19 02:48:39 --> An invalid name was submitted as the product name: Call of Duty: Black Ops 6 (Lote Multigeneracional) The name can only contain alpha-numeric characters, dashes, underscores, colons, and spaces
DEBUG - 2025-06-19 02:48:39 --> Session: Class initialized using 'CodeIgniter\Session\Handlers\FileHandler' driver.
INFO - 2025-06-19 02:48:39 --> Cart Class Initialized
DEBUG - 2025-06-19 02:48:43 --> Session: Class initialized using 'CodeIgniter\Session\Handlers\FileHandler' driver.
DEBUG - 2025-06-19 02:48:47 --> Session: Class initialized using 'CodeIgniter\Session\Handlers\FileHandler' driver.
DEBUG - 2025-06-19 02:48:47 --> ID del juego: 12
DEBUG - 2025-06-19 02:48:47 --> Datos del juego: Array
(
    [id_videojuego] => 12
    [titulo_videojuego] => Call of Duty: Black Ops 6 (Lote Multigeneracional)
    [descripcion_videojuego] => Se sitúa a principios de los años 90, durante un período de transición y cambios en la política mundial, justo después del fin de la Guerra Fría. El juego presenta una narrativa de suspense y espionaje, con una campaña que incluye escenas cinematográficas, momentos llenos de acción, atracos arriesgados y actividades de espionaje clandestinas. Además, cuenta con un sistema de juego dinámico y una gran variedad de escenarios. 
    [desarrollador_videojuego] => Treyarch
    [distribuidor_videojuego] => Activision
    [precio_videojuego] => 82000
    [imagen_videojuego] => 1750165660_1f887ffb597654aebdea.jpg
    [id_categoria] => 1
    [estado_videojuego] => 1
    [videojuego_stock] => 100
)

DEBUG - 2025-06-19 02:50:13 --> Session: Class initialized using 'CodeIgniter\Session\Handlers\FileHandler' driver.
DEBUG - 2025-06-19 02:50:45 --> Session: Class initialized using 'CodeIgniter\Session\Handlers\FileHandler' driver.
INFO - 2025-06-19 02:50:45 --> Cart Class Initialized
DEBUG - 2025-06-19 02:50:45 --> Datos POST recibidos: Array
(
    [id] => 12
    [titulo] => Call of Duty: Black Ops 6 (Lote Multigeneracional)
    [precio] => 82000
    [comprar] => Agregar al carrito
)

ERROR - 2025-06-19 02:50:45 --> An invalid name was submitted as the product name: Call of Duty: Black Ops 6 (Lote Multigeneracional) The name can only contain alpha-numeric characters, dashes, underscores, colons, and spaces
INFO - 2025-06-19 02:50:45 --> Juego agregado al carrito: Call of Duty: Black Ops 6 (Lote Multigeneracional)
DEBUG - 2025-06-19 02:50:46 --> Session: Class initialized using 'CodeIgniter\Session\Handlers\FileHandler' driver.
INFO - 2025-06-19 02:50:46 --> Cart Class Initialized
DEBUG - 2025-06-19 02:50:50 --> Session: Class initialized using 'CodeIgniter\Session\Handlers\FileHandler' driver.
INFO - 2025-06-19 02:50:50 --> Cart Class Initialized
DEBUG - 2025-06-19 02:50:52 --> Session: Class initialized using 'CodeIgniter\Session\Handlers\FileHandler' driver.
DEBUG - 2025-06-19 02:50:58 --> Session: Class initialized using 'CodeIgniter\Session\Handlers\FileHandler' driver.
DEBUG - 2025-06-19 02:50:58 --> ID del juego: 12
DEBUG - 2025-06-19 02:50:58 --> Datos del juego: Array
(
    [id_videojuego] => 12
    [titulo_videojuego] => Call of Duty: Black Ops 6 (Lote Multigeneracional)
    [descripcion_videojuego] => Se sitúa a principios de los años 90, durante un período de transición y cambios en la política mundial, justo después del fin de la Guerra Fría. El juego presenta una narrativa de suspense y espionaje, con una campaña que incluye escenas cinematográficas, momentos llenos de acción, atracos arriesgados y actividades de espionaje clandestinas. Además, cuenta con un sistema de juego dinámico y una gran variedad de escenarios. 
    [desarrollador_videojuego] => Treyarch
    [distribuidor_videojuego] => Activision
    [precio_videojuego] => 82000
    [imagen_videojuego] => 1750165660_1f887ffb597654aebdea.jpg
    [id_categoria] => 1
    [estado_videojuego] => 1
    [videojuego_stock] => 99
)

DEBUG - 2025-06-19 02:51:00 --> Session: Class initialized using 'CodeIgniter\Session\Handlers\FileHandler' driver.
INFO - 2025-06-19 02:51:00 --> Cart Class Initialized
DEBUG - 2025-06-19 02:51:00 --> Datos POST recibidos: Array
(
    [id] => 12
    [titulo] => Call of Duty: Black Ops 6 (Lote Multigeneracional)
    [precio] => 82000
)

ERROR - 2025-06-19 02:51:00 --> An invalid name was submitted as the product name: Call of Duty: Black Ops 6 (Lote Multigeneracional) The name can only contain alpha-numeric characters, dashes, underscores, colons, and spaces
INFO - 2025-06-19 02:51:00 --> Juego agregado al carrito: Call of Duty: Black Ops 6 (Lote Multigeneracional)
DEBUG - 2025-06-19 02:51:04 --> Session: Class initialized using 'CodeIgniter\Session\Handlers\FileHandler' driver.
INFO - 2025-06-19 02:51:04 --> Cart Class Initialized
DEBUG - 2025-06-19 02:51:04 --> Datos POST recibidos: Array
(
    [id] => 12
    [titulo] => Call of Duty: Black Ops 6 (Lote Multigeneracional)
    [precio] => 82000
)

ERROR - 2025-06-19 02:51:04 --> An invalid name was submitted as the product name: Call of Duty: Black Ops 6 (Lote Multigeneracional) The name can only contain alpha-numeric characters, dashes, underscores, colons, and spaces
INFO - 2025-06-19 02:51:04 --> Juego agregado al carrito: Call of Duty: Black Ops 6 (Lote Multigeneracional)
DEBUG - 2025-06-19 02:51:07 --> Session: Class initialized using 'CodeIgniter\Session\Handlers\FileHandler' driver.
INFO - 2025-06-19 02:51:07 --> Cart Class Initialized
DEBUG - 2025-06-19 02:51:07 --> Datos POST recibidos: Array
(
    [id] => 12
    [titulo] => Call of Duty: Black Ops 6 (Lote Multigeneracional)
    [precio] => 82000
)

ERROR - 2025-06-19 02:51:07 --> An invalid name was submitted as the product name: Call of Duty: Black Ops 6 (Lote Multigeneracional) The name can only contain alpha-numeric characters, dashes, underscores, colons, and spaces
INFO - 2025-06-19 02:51:07 --> Juego agregado al carrito: Call of Duty: Black Ops 6 (Lote Multigeneracional)
DEBUG - 2025-06-19 02:51:09 --> Session: Class initialized using 'CodeIgniter\Session\Handlers\FileHandler' driver.
DEBUG - 2025-06-19 02:51:11 --> Session: Class initialized using 'CodeIgniter\Session\Handlers\FileHandler' driver.
DEBUG - 2025-06-19 02:51:11 --> ID del juego: 2
DEBUG - 2025-06-19 02:51:11 --> Datos del juego: Array
(
    [id_videojuego] => 2
    [titulo_videojuego] => Among Us
    [descripcion_videojuego] => Un juego exclusivamente online donde la verdadera oposición son los otros jugadores que están contigo. Cada juego será diferente dependiendo del rol que estés jugando y de la experiencia o astucia de los otros jugadores.
    [desarrollador_videojuego] => Innersloth
    [distribuidor_videojuego] => Innersloth
    [precio_videojuego] => 5999
    [imagen_videojuego] => juego14.jpg
    [id_categoria] => 4
    [estado_videojuego] => 1
    [videojuego_stock] => 35
)

DEBUG - 2025-06-19 02:51:12 --> Session: Class initialized using 'CodeIgniter\Session\Handlers\FileHandler' driver.
INFO - 2025-06-19 02:51:12 --> Cart Class Initialized
DEBUG - 2025-06-19 02:51:12 --> Datos POST recibidos: Array
(
    [id] => 2
    [titulo] => Among Us
    [precio] => 5999
)

INFO - 2025-06-19 02:51:12 --> Juego agregado al carrito: Among Us
DEBUG - 2025-06-19 02:51:14 --> Session: Class initialized using 'CodeIgniter\Session\Handlers\FileHandler' driver.
DEBUG - 2025-06-19 02:51:16 --> Session: Class initialized using 'CodeIgniter\Session\Handlers\FileHandler' driver.
INFO - 2025-06-19 02:51:16 --> Cart Class Initialized
DEBUG - 2025-06-19 02:51:20 --> Session: Class initialized using 'CodeIgniter\Session\Handlers\FileHandler' driver.
INFO - 2025-06-19 02:51:20 --> Cart Class Initialized
DEBUG - 2025-06-19 02:51:20 --> Session: Class initialized using 'CodeIgniter\Session\Handlers\FileHandler' driver.
INFO - 2025-06-19 02:51:20 --> Cart Class Initialized
DEBUG - 2025-06-19 02:51:22 --> Session: Class initialized using 'CodeIgniter\Session\Handlers\FileHandler' driver.
INFO - 2025-06-19 02:51:22 --> Cart Class Initialized
DEBUG - 2025-06-19 02:51:22 --> Session: Class initialized using 'CodeIgniter\Session\Handlers\FileHandler' driver.
INFO - 2025-06-19 02:51:22 --> Cart Class Initialized
DEBUG - 2025-06-19 02:51:23 --> Session: Class initialized using 'CodeIgniter\Session\Handlers\FileHandler' driver.
INFO - 2025-06-19 02:51:23 --> Cart Class Initialized
DEBUG - 2025-06-19 02:51:23 --> Session: Class initialized using 'CodeIgniter\Session\Handlers\FileHandler' driver.
INFO - 2025-06-19 02:51:23 --> Cart Class Initialized
DEBUG - 2025-06-19 02:51:25 --> Session: Class initialized using 'CodeIgniter\Session\Handlers\FileHandler' driver.
INFO - 2025-06-19 02:51:25 --> Cart Class Initialized
DEBUG - 2025-06-19 02:51:25 --> Session: Class initialized using 'CodeIgniter\Session\Handlers\FileHandler' driver.
INFO - 2025-06-19 02:51:25 --> Cart Class Initialized
DEBUG - 2025-06-19 02:51:27 --> Session: Class initialized using 'CodeIgniter\Session\Handlers\FileHandler' driver.
DEBUG - 2025-06-19 02:51:29 --> Session: Class initialized using 'CodeIgniter\Session\Handlers\FileHandler' driver.
DEBUG - 2025-06-19 02:51:29 --> ID del juego: 12
DEBUG - 2025-06-19 02:51:29 --> Datos del juego: Array
(
    [id_videojuego] => 12
    [titulo_videojuego] => Call of Duty: Black Ops 6 (Lote Multigeneracional)
    [descripcion_videojuego] => Se sitúa a principios de los años 90, durante un período de transición y cambios en la política mundial, justo después del fin de la Guerra Fría. El juego presenta una narrativa de suspense y espionaje, con una campaña que incluye escenas cinematográficas, momentos llenos de acción, atracos arriesgados y actividades de espionaje clandestinas. Además, cuenta con un sistema de juego dinámico y una gran variedad de escenarios. 
    [desarrollador_videojuego] => Treyarch
    [distribuidor_videojuego] => Activision
    [precio_videojuego] => 82000
    [imagen_videojuego] => 1750165660_1f887ffb597654aebdea.jpg
    [id_categoria] => 1
    [estado_videojuego] => 1
    [videojuego_stock] => 96
)

DEBUG - 2025-06-19 02:51:31 --> Session: Class initialized using 'CodeIgniter\Session\Handlers\FileHandler' driver.
INFO - 2025-06-19 02:51:31 --> Cart Class Initialized
DEBUG - 2025-06-19 02:51:31 --> Datos POST recibidos: Array
(
    [id] => 12
    [titulo] => Call of Duty: Black Ops 6 (Lote Multigeneracional)
    [precio] => 82000
)

ERROR - 2025-06-19 02:51:31 --> An invalid name was submitted as the product name: Call of Duty: Black Ops 6 (Lote Multigeneracional) The name can only contain alpha-numeric characters, dashes, underscores, colons, and spaces
INFO - 2025-06-19 02:51:31 --> Juego agregado al carrito: Call of Duty: Black Ops 6 (Lote Multigeneracional)
DEBUG - 2025-06-19 02:51:36 --> Session: Class initialized using 'CodeIgniter\Session\Handlers\FileHandler' driver.
DEBUG - 2025-06-19 02:51:39 --> Session: Class initialized using 'CodeIgniter\Session\Handlers\FileHandler' driver.
INFO - 2025-06-19 02:51:39 --> Cart Class Initialized
DEBUG - 2025-06-19 02:51:41 --> Session: Class initialized using 'CodeIgniter\Session\Handlers\FileHandler' driver.
DEBUG - 2025-06-19 02:52:58 --> Session: Class initialized using 'CodeIgniter\Session\Handlers\FileHandler' driver.
DEBUG - 2025-06-19 02:53:01 --> Session: Class initialized using 'CodeIgniter\Session\Handlers\FileHandler' driver.
DEBUG - 2025-06-19 02:53:09 --> Session: Class initialized using 'CodeIgniter\Session\Handlers\FileHandler' driver.
DEBUG - 2025-06-19 02:53:13 --> Session: Class initialized using 'CodeIgniter\Session\Handlers\FileHandler' driver.
DEBUG - 2025-06-19 02:53:44 --> Session: Class initialized using 'CodeIgniter\Session\Handlers\FileHandler' driver.
DEBUG - 2025-06-19 02:53:47 --> Session: Class initialized using 'CodeIgniter\Session\Handlers\FileHandler' driver.
DEBUG - 2025-06-19 02:53:51 --> Session: Class initialized using 'CodeIgniter\Session\Handlers\FileHandler' driver.
DEBUG - 2025-06-19 02:53:51 --> ID del juego: 12
DEBUG - 2025-06-19 02:53:51 --> Datos del juego: Array
(
    [id_videojuego] => 12
    [titulo_videojuego] => Call of Duty: Black Ops 6 (Lote Multigeneracional)
    [descripcion_videojuego] => Se sitúa a principios de los años 90, durante un período de transición y cambios en la política mundial, justo después del fin de la Guerra Fría. El juego presenta una narrativa de suspense y espionaje, con una campaña que incluye escenas cinematográficas, momentos llenos de acción, atracos arriesgados y actividades de espionaje clandestinas. Además, cuenta con un sistema de juego dinámico y una gran variedad de escenarios. 
    [desarrollador_videojuego] => Treyarch
    [distribuidor_videojuego] => Activision
    [precio_videojuego] => 82000
    [imagen_videojuego] => 1750165660_1f887ffb597654aebdea.jpg
    [id_categoria] => 1
    [estado_videojuego] => 1
    [videojuego_stock] => 95
)

DEBUG - 2025-06-19 02:53:52 --> === INICIO agregar_carrito ===
DEBUG - 2025-06-19 02:53:52 --> Session: Class initialized using 'CodeIgniter\Session\Handlers\FileHandler' driver.
INFO - 2025-06-19 02:53:52 --> Cart Class Initialized
DEBUG - 2025-06-19 02:53:52 --> Datos de la solicitud: Array
(
    [method] => POST
    [post_data] => Array
        (
            [id] => 12
            [titulo] => Call of Duty: Black Ops 6 (Lote Multigeneracional)
            [precio] => 82000
        )

    [get_data] => Array
        (
        )

    [raw_input] => id=12&titulo=Call+of+Duty%3A+Black+Ops+6+%28Lote+Multigeneracional%29&precio=82000
    [session] => Array
        (
            [__ci_last_regenerate] => 1750301413
            [_ci_previous_url] => http://localhost/proyecto_firmapaz_gabriel/ver_juego/12
            [id] => 5
            [nombre] => juan
            [apellido] => perez
            [perfil] => 2
            [login] => 1
            [total] => 25999
        )

)

ERROR - 2025-06-19 02:53:52 --> An invalid name was submitted as the product name: Call of Duty: Black Ops 6 (Lote Multigeneracional) The name can only contain alpha-numeric characters, dashes, underscores, colons, and spaces
DEBUG - 2025-06-19 02:53:52 --> Juego agregado al carrito exitosamente: Call of Duty: Black Ops 6 (Lote Multigeneracional)
DEBUG - 2025-06-19 02:53:52 --> === FIN agregar_carrito (éxito) ===
DEBUG - 2025-06-19 02:53:52 --> Session: Class initialized using 'CodeIgniter\Session\Handlers\FileHandler' driver.
INFO - 2025-06-19 02:53:52 --> Cart Class Initialized
DEBUG - 2025-06-19 02:53:54 --> Session: Class initialized using 'CodeIgniter\Session\Handlers\FileHandler' driver.
DEBUG - 2025-06-19 02:53:57 --> Session: Class initialized using 'CodeIgniter\Session\Handlers\FileHandler' driver.
DEBUG - 2025-06-19 02:53:57 --> ID del juego: 2
DEBUG - 2025-06-19 02:53:57 --> Datos del juego: Array
(
    [id_videojuego] => 2
    [titulo_videojuego] => Among Us
    [descripcion_videojuego] => Un juego exclusivamente online donde la verdadera oposición son los otros jugadores que están contigo. Cada juego será diferente dependiendo del rol que estés jugando y de la experiencia o astucia de los otros jugadores.
    [desarrollador_videojuego] => Innersloth
    [distribuidor_videojuego] => Innersloth
    [precio_videojuego] => 5999
    [imagen_videojuego] => juego14.jpg
    [id_categoria] => 4
    [estado_videojuego] => 1
    [videojuego_stock] => 34
)

DEBUG - 2025-06-19 02:53:59 --> === INICIO agregar_carrito ===
DEBUG - 2025-06-19 02:53:59 --> Session: Class initialized using 'CodeIgniter\Session\Handlers\FileHandler' driver.
INFO - 2025-06-19 02:53:59 --> Cart Class Initialized
DEBUG - 2025-06-19 02:53:59 --> Datos de la solicitud: Array
(
    [method] => POST
    [post_data] => Array
        (
            [id] => 2
            [titulo] => Among Us
            [precio] => 5999
        )

    [get_data] => Array
        (
        )

    [raw_input] => id=2&titulo=Among+Us&precio=5999
    [session] => Array
        (
            [__ci_last_regenerate] => 1750301413
            [_ci_previous_url] => http://localhost/proyecto_firmapaz_gabriel/ver_juego/2
            [id] => 5
            [nombre] => juan
            [apellido] => perez
            [perfil] => 2
            [login] => 1
            [total] => 25999
        )

)

DEBUG - 2025-06-19 02:53:59 --> Juego agregado al carrito exitosamente: Among Us
DEBUG - 2025-06-19 02:53:59 --> === FIN agregar_carrito (éxito) ===
DEBUG - 2025-06-19 02:53:59 --> Session: Class initialized using 'CodeIgniter\Session\Handlers\FileHandler' driver.
INFO - 2025-06-19 02:53:59 --> Cart Class Initialized
DEBUG - 2025-06-19 02:54:02 --> Session: Class initialized using 'CodeIgniter\Session\Handlers\FileHandler' driver.
DEBUG - 2025-06-19 02:54:05 --> Session: Class initialized using 'CodeIgniter\Session\Handlers\FileHandler' driver.
DEBUG - 2025-06-19 02:54:05 --> ID del juego: 12
DEBUG - 2025-06-19 02:54:05 --> Datos del juego: Array
(
    [id_videojuego] => 12
    [titulo_videojuego] => Call of Duty: Black Ops 6 (Lote Multigeneracional)
    [descripcion_videojuego] => Se sitúa a principios de los años 90, durante un período de transición y cambios en la política mundial, justo después del fin de la Guerra Fría. El juego presenta una narrativa de suspense y espionaje, con una campaña que incluye escenas cinematográficas, momentos llenos de acción, atracos arriesgados y actividades de espionaje clandestinas. Además, cuenta con un sistema de juego dinámico y una gran variedad de escenarios. 
    [desarrollador_videojuego] => Treyarch
    [distribuidor_videojuego] => Activision
    [precio_videojuego] => 82000
    [imagen_videojuego] => 1750165660_1f887ffb597654aebdea.jpg
    [id_categoria] => 1
    [estado_videojuego] => 1
    [videojuego_stock] => 94
)

DEBUG - 2025-06-19 02:54:07 --> === INICIO agregar_carrito ===
DEBUG - 2025-06-19 02:54:07 --> Session: Class initialized using 'CodeIgniter\Session\Handlers\FileHandler' driver.
INFO - 2025-06-19 02:54:07 --> Cart Class Initialized
DEBUG - 2025-06-19 02:54:07 --> Datos de la solicitud: Array
(
    [method] => POST
    [post_data] => Array
        (
            [id] => 12
            [titulo] => Call of Duty: Black Ops 6 (Lote Multigeneracional)
            [precio] => 82000
        )

    [get_data] => Array
        (
        )

    [raw_input] => id=12&titulo=Call+of+Duty%3A+Black+Ops+6+%28Lote+Multigeneracional%29&precio=82000
    [session] => Array
        (
            [__ci_last_regenerate] => 1750301413
            [_ci_previous_url] => http://localhost/proyecto_firmapaz_gabriel/ver_juego/12
            [id] => 5
            [nombre] => juan
            [apellido] => perez
            [perfil] => 2
            [login] => 1
            [total] => 5999
            [cart_contents] => Array
                (
                    [cart_total] => 5999
                    [total_items] => 1
                    [c81e728d9d4c2f636f067f89cc14862c] => Array
                        (
                            [id] => 2
                            [name] => Among Us
                            [price] => 5999
                            [qty] => 1
                            [rowid] => c81e728d9d4c2f636f067f89cc14862c
                            [subtotal] => 5999
                        )

                )

        )

)

ERROR - 2025-06-19 02:54:07 --> An invalid name was submitted as the product name: Call of Duty: Black Ops 6 (Lote Multigeneracional) The name can only contain alpha-numeric characters, dashes, underscores, colons, and spaces
DEBUG - 2025-06-19 02:54:07 --> Juego agregado al carrito exitosamente: Call of Duty: Black Ops 6 (Lote Multigeneracional)
DEBUG - 2025-06-19 02:54:07 --> === FIN agregar_carrito (éxito) ===
DEBUG - 2025-06-19 02:54:07 --> Session: Class initialized using 'CodeIgniter\Session\Handlers\FileHandler' driver.
INFO - 2025-06-19 02:54:07 --> Cart Class Initialized
DEBUG - 2025-06-19 02:54:30 --> Session: Class initialized using 'CodeIgniter\Session\Handlers\FileHandler' driver.
INFO - 2025-06-19 02:54:30 --> Cart Class Initialized
DEBUG - 2025-06-19 02:54:31 --> Session: Class initialized using 'CodeIgniter\Session\Handlers\FileHandler' driver.
DEBUG - 2025-06-19 02:54:34 --> Session: Class initialized using 'CodeIgniter\Session\Handlers\FileHandler' driver.
DEBUG - 2025-06-19 02:54:34 --> ID del juego: 12
DEBUG - 2025-06-19 02:54:34 --> Datos del juego: Array
(
    [id_videojuego] => 12
    [titulo_videojuego] => Call of Duty: Black Ops 6 (Lote Multigeneracional)
    [descripcion_videojuego] => Se sitúa a principios de los años 90, durante un período de transición y cambios en la política mundial, justo después del fin de la Guerra Fría. El juego presenta una narrativa de suspense y espionaje, con una campaña que incluye escenas cinematográficas, momentos llenos de acción, atracos arriesgados y actividades de espionaje clandestinas. Además, cuenta con un sistema de juego dinámico y una gran variedad de escenarios. 
    [desarrollador_videojuego] => Treyarch
    [distribuidor_videojuego] => Activision
    [precio_videojuego] => 82000
    [imagen_videojuego] => 1750165660_1f887ffb597654aebdea.jpg
    [id_categoria] => 1
    [estado_videojuego] => 1
    [videojuego_stock] => 93
)

DEBUG - 2025-06-19 02:55:19 --> === INICIO agregar_carrito ===
DEBUG - 2025-06-19 02:55:19 --> Session: Class initialized using 'CodeIgniter\Session\Handlers\FileHandler' driver.
INFO - 2025-06-19 02:55:19 --> Cart Class Initialized
DEBUG - 2025-06-19 02:55:19 --> Datos de la solicitud: Array
(
    [method] => POST
    [post_data] => Array
        (
            [id] => 12
            [titulo] => Call of Duty: Black Ops 6 (Lote Multigeneracional)
            [precio] => 82000
        )

    [get_data] => Array
        (
        )

    [raw_input] => id=12&titulo=Call+of+Duty%3A+Black+Ops+6+%28Lote+Multigeneracional%29&precio=82000
    [session] => Array
        (
            [__ci_last_regenerate] => 1750301719
            [_ci_previous_url] => http://localhost/proyecto_firmapaz_gabriel/ver_juego/12
            [id] => 5
            [nombre] => juan
            [apellido] => perez
            [perfil] => 2
            [login] => 1
            [total] => 5999
            [cart_contents] => Array
                (
                    [cart_total] => 5999
                    [total_items] => 1
                    [c81e728d9d4c2f636f067f89cc14862c] => Array
                        (
                            [id] => 2
                            [name] => Among Us
                            [price] => 5999
                            [qty] => 1
                            [rowid] => c81e728d9d4c2f636f067f89cc14862c
                            [subtotal] => 5999
                        )

                )

        )

)

ERROR - 2025-06-19 02:55:19 --> An invalid name was submitted as the product name: Call of Duty: Black Ops 6 (Lote Multigeneracional) The name can only contain alpha-numeric characters, dashes, underscores, colons, and spaces
DEBUG - 2025-06-19 02:55:19 --> Juego agregado al carrito exitosamente: Call of Duty: Black Ops 6 (Lote Multigeneracional)
DEBUG - 2025-06-19 02:55:19 --> === FIN agregar_carrito (éxito) ===
DEBUG - 2025-06-19 02:55:19 --> Session: Class initialized using 'CodeIgniter\Session\Handlers\FileHandler' driver.
INFO - 2025-06-19 02:55:19 --> Cart Class Initialized
DEBUG - 2025-06-19 02:57:52 --> Session: Class initialized using 'CodeIgniter\Session\Handlers\FileHandler' driver.
DEBUG - 2025-06-19 02:57:54 --> Session: Class initialized using 'CodeIgniter\Session\Handlers\FileHandler' driver.
DEBUG - 2025-06-19 02:58:00 --> Session: Class initialized using 'CodeIgniter\Session\Handlers\FileHandler' driver.
DEBUG - 2025-06-19 02:58:01 --> Session: Class initialized using 'CodeIgniter\Session\Handlers\FileHandler' driver.
DEBUG - 2025-06-19 02:58:04 --> Session: Class initialized using 'CodeIgniter\Session\Handlers\FileHandler' driver.
DEBUG - 2025-06-19 02:58:04 --> ID del juego: 2
DEBUG - 2025-06-19 02:58:04 --> Datos del juego: Array
(
    [id_videojuego] => 2
    [titulo_videojuego] => Among Us
    [descripcion_videojuego] => Un juego exclusivamente online donde la verdadera oposición son los otros jugadores que están contigo. Cada juego será diferente dependiendo del rol que estés jugando y de la experiencia o astucia de los otros jugadores.
    [desarrollador_videojuego] => Innersloth
    [distribuidor_videojuego] => Innersloth
    [precio_videojuego] => 5999
    [imagen_videojuego] => juego14.jpg
    [id_categoria] => 4
    [estado_videojuego] => 1
    [videojuego_stock] => 33
)

DEBUG - 2025-06-19 02:58:06 --> === INICIO agregar_carrito ===
DEBUG - 2025-06-19 02:58:06 --> Session: Class initialized using 'CodeIgniter\Session\Handlers\FileHandler' driver.
INFO - 2025-06-19 02:58:06 --> Cart Class Initialized
DEBUG - 2025-06-19 02:58:06 --> Datos de la solicitud: Array
(
    [method] => POST
    [post_data] => Array
        (
            [id] => 2
            [titulo] => Among Us
            [precio] => 5999
        )

    [get_data] => Array
        (
        )

    [raw_input] => id=2&titulo=Among+Us&precio=5999
    [session] => Array
        (
            [__ci_last_regenerate] => 1750301719
            [_ci_previous_url] => http://localhost/proyecto_firmapaz_gabriel/ver_juego/2
            [id] => 5
            [nombre] => juan
            [apellido] => perez
            [perfil] => 2
            [login] => 1
            [total] => 5999
            [cart_contents] => Array
                (
                    [cart_total] => 5999
                    [total_items] => 1
                    [c81e728d9d4c2f636f067f89cc14862c] => Array
                        (
                            [id] => 2
                            [name] => Among Us
                            [price] => 5999
                            [qty] => 1
                            [rowid] => c81e728d9d4c2f636f067f89cc14862c
                            [subtotal] => 5999
                        )

                )

        )

)

DEBUG - 2025-06-19 02:58:06 --> Juego agregado al carrito exitosamente: Among Us
DEBUG - 2025-06-19 02:58:06 --> === FIN agregar_carrito (éxito) ===
DEBUG - 2025-06-19 02:58:06 --> Session: Class initialized using 'CodeIgniter\Session\Handlers\FileHandler' driver.
INFO - 2025-06-19 02:58:06 --> Cart Class Initialized
DEBUG - 2025-06-19 02:58:08 --> Session: Class initialized using 'CodeIgniter\Session\Handlers\FileHandler' driver.
DEBUG - 2025-06-19 02:58:11 --> Session: Class initialized using 'CodeIgniter\Session\Handlers\FileHandler' driver.
DEBUG - 2025-06-19 02:58:11 --> ID del juego: 12
DEBUG - 2025-06-19 02:58:11 --> Datos del juego: Array
(
    [id_videojuego] => 12
    [titulo_videojuego] => Call of Duty: Black Ops 6 (Lote Multigeneracional)
    [descripcion_videojuego] => Se sitúa a principios de los años 90, durante un período de transición y cambios en la política mundial, justo después del fin de la Guerra Fría. El juego presenta una narrativa de suspense y espionaje, con una campaña que incluye escenas cinematográficas, momentos llenos de acción, atracos arriesgados y actividades de espionaje clandestinas. Además, cuenta con un sistema de juego dinámico y una gran variedad de escenarios. 
    [desarrollador_videojuego] => Treyarch
    [distribuidor_videojuego] => Activision
    [precio_videojuego] => 82000
    [imagen_videojuego] => 1750165660_1f887ffb597654aebdea.jpg
    [id_categoria] => 1
    [estado_videojuego] => 1
    [videojuego_stock] => 92
)

DEBUG - 2025-06-19 02:58:13 --> === INICIO agregar_carrito ===
DEBUG - 2025-06-19 02:58:13 --> Session: Class initialized using 'CodeIgniter\Session\Handlers\FileHandler' driver.
INFO - 2025-06-19 02:58:13 --> Cart Class Initialized
DEBUG - 2025-06-19 02:58:13 --> Datos de la solicitud: Array
(
    [method] => POST
    [post_data] => Array
        (
            [id] => 12
            [titulo] => Call of Duty: Black Ops 6 (Lote Multigeneracional)
            [precio] => 82000
        )

    [get_data] => Array
        (
        )

    [raw_input] => id=12&titulo=Call+of+Duty%3A+Black+Ops+6+%28Lote+Multigeneracional%29&precio=82000
    [session] => Array
        (
            [__ci_last_regenerate] => 1750301719
            [_ci_previous_url] => http://localhost/proyecto_firmapaz_gabriel/ver_juego/12
            [id] => 5
            [nombre] => juan
            [apellido] => perez
            [perfil] => 2
            [login] => 1
            [total] => 11998
            [cart_contents] => Array
                (
                    [cart_total] => 11998
                    [total_items] => 2
                    [c81e728d9d4c2f636f067f89cc14862c] => Array
                        (
                            [id] => 2
                            [name] => Among Us
                            [price] => 5999
                            [qty] => 2
                            [rowid] => c81e728d9d4c2f636f067f89cc14862c
                            [subtotal] => 11998
                        )

                )

        )

)

ERROR - 2025-06-19 02:58:13 --> An invalid name was submitted as the product name: Call of Duty: Black Ops 6 (Lote Multigeneracional) The name can only contain alpha-numeric characters, dashes, underscores, colons, and spaces
DEBUG - 2025-06-19 02:58:13 --> Juego agregado al carrito exitosamente: Call of Duty: Black Ops 6 (Lote Multigeneracional)
DEBUG - 2025-06-19 02:58:13 --> === FIN agregar_carrito (éxito) ===
DEBUG - 2025-06-19 02:58:13 --> Session: Class initialized using 'CodeIgniter\Session\Handlers\FileHandler' driver.
INFO - 2025-06-19 02:58:13 --> Cart Class Initialized
DEBUG - 2025-06-19 03:01:25 --> Session: Class initialized using 'CodeIgniter\Session\Handlers\FileHandler' driver.
INFO - 2025-06-19 03:01:25 --> Cart Class Initialized
DEBUG - 2025-06-19 03:01:28 --> Session: Class initialized using 'CodeIgniter\Session\Handlers\FileHandler' driver.
DEBUG - 2025-06-19 03:01:31 --> Session: Class initialized using 'CodeIgniter\Session\Handlers\FileHandler' driver.
DEBUG - 2025-06-19 03:01:31 --> ID del juego: 12
DEBUG - 2025-06-19 03:01:31 --> Datos del juego: Array
(
    [id_videojuego] => 12
    [titulo_videojuego] => Call of Duty: Black Ops 6 (Lote Multigeneracional)
    [descripcion_videojuego] => Se sitúa a principios de los años 90, durante un período de transición y cambios en la política mundial, justo después del fin de la Guerra Fría. El juego presenta una narrativa de suspense y espionaje, con una campaña que incluye escenas cinematográficas, momentos llenos de acción, atracos arriesgados y actividades de espionaje clandestinas. Además, cuenta con un sistema de juego dinámico y una gran variedad de escenarios. 
    [desarrollador_videojuego] => Treyarch
    [distribuidor_videojuego] => Activision
    [precio_videojuego] => 82000
    [imagen_videojuego] => 1750165660_1f887ffb597654aebdea.jpg
    [id_categoria] => 1
    [estado_videojuego] => 1
    [videojuego_stock] => 91
)

DEBUG - 2025-06-19 03:01:33 --> === INICIO agregar_carrito ===
DEBUG - 2025-06-19 03:01:33 --> Session: Class initialized using 'CodeIgniter\Session\Handlers\FileHandler' driver.
INFO - 2025-06-19 03:01:33 --> Cart Class Initialized
DEBUG - 2025-06-19 03:01:33 --> Datos de la solicitud: Array
(
    [method] => POST
    [juego_id] => 12
    [post_data] => Array
        (
            [id] => 12
            [titulo] => Call of Duty: Black Ops 6 (Lote Multigeneracional)
            [precio] => 82000
        )

    [get_data] => Array
        (
        )

    [raw_input] => id=12&titulo=Call+of+Duty%3A+Black+Ops+6+%28Lote+Multigeneracional%29&precio=82000
    [session] => Array
        (
            [__ci_last_regenerate] => 1750302085
            [_ci_previous_url] => http://localhost/proyecto_firmapaz_gabriel/ver_juego/12
            [id] => 5
            [nombre] => juan
            [apellido] => perez
            [perfil] => 2
            [login] => 1
            [total] => 11998
            [cart_contents] => Array
                (
                    [cart_total] => 11998
                    [total_items] => 2
                    [c81e728d9d4c2f636f067f89cc14862c] => Array
                        (
                            [id] => 2
                            [name] => Among Us
                            [price] => 5999
                            [qty] => 2
                            [rowid] => c81e728d9d4c2f636f067f89cc14862c
                            [subtotal] => 11998
                        )

                )

        )

)

ERROR - 2025-06-19 03:01:33 --> An invalid name was submitted as the product name: Call of Duty: Black Ops 6 (Lote Multigeneracional) The name can only contain alpha-numeric characters, dashes, underscores, colons, and spaces
DEBUG - 2025-06-19 03:01:33 --> Juego agregado al carrito exitosamente: Call of Duty: Black Ops 6 (Lote Multigeneracional)
DEBUG - 2025-06-19 03:01:33 --> === FIN agregar_carrito (éxito) ===
DEBUG - 2025-06-19 03:01:33 --> Session: Class initialized using 'CodeIgniter\Session\Handlers\FileHandler' driver.
INFO - 2025-06-19 03:01:33 --> Cart Class Initialized
DEBUG - 2025-06-19 03:01:35 --> Session: Class initialized using 'CodeIgniter\Session\Handlers\FileHandler' driver.
DEBUG - 2025-06-19 03:01:38 --> Session: Class initialized using 'CodeIgniter\Session\Handlers\FileHandler' driver.
DEBUG - 2025-06-19 03:01:38 --> ID del juego: 7
DEBUG - 2025-06-19 03:01:38 --> Datos del juego: Array
(
    [id_videojuego] => 7
    [titulo_videojuego] => Age of Empires IV: Anniversary Edition2
    [descripcion_videojuego] => Combina lo que ya le funcionó en su momento con fórmulas innovadoras para que disfrutes expandiendo tu imperio hasta donde alcancen tus ojos, todo ello con una impresionante fidelidad visual en 4K que eleva a este juego de estrategia en tiempo real a otro nivel.
    [desarrollador_videojuego] => Relic Entertainment
    [distribuidor_videojuego] => Xbox Game Studios
    [precio_videojuego] => 8999
    [imagen_videojuego] => nuevo2.jpg
    [id_categoria] => 4
    [estado_videojuego] => 1
    [videojuego_stock] => 99
)

DEBUG - 2025-06-19 03:01:40 --> === INICIO agregar_carrito ===
DEBUG - 2025-06-19 03:01:40 --> Session: Class initialized using 'CodeIgniter\Session\Handlers\FileHandler' driver.
INFO - 2025-06-19 03:01:40 --> Cart Class Initialized
DEBUG - 2025-06-19 03:01:40 --> Datos de la solicitud: Array
(
    [method] => POST
    [juego_id] => 7
    [post_data] => Array
        (
            [id] => 7
            [titulo] => Age of Empires IV: Anniversary Edition2
            [precio] => 8999
        )

    [get_data] => Array
        (
        )

    [raw_input] => id=7&titulo=Age+of+Empires+IV%3A+Anniversary+Edition2&precio=8999
    [session] => Array
        (
            [__ci_last_regenerate] => 1750302085
            [_ci_previous_url] => http://localhost/proyecto_firmapaz_gabriel/ver_juego/7
            [id] => 5
            [nombre] => juan
            [apellido] => perez
            [perfil] => 2
            [login] => 1
            [total] => 11998
            [cart_contents] => Array
                (
                    [cart_total] => 11998
                    [total_items] => 2
                    [c81e728d9d4c2f636f067f89cc14862c] => Array
                        (
                            [id] => 2
                            [name] => Among Us
                            [price] => 5999
                            [qty] => 2
                            [rowid] => c81e728d9d4c2f636f067f89cc14862c
                            [subtotal] => 11998
                        )

                )

        )

)

DEBUG - 2025-06-19 03:01:40 --> Juego agregado al carrito exitosamente: Age of Empires IV: Anniversary Edition2
DEBUG - 2025-06-19 03:01:40 --> === FIN agregar_carrito (éxito) ===
DEBUG - 2025-06-19 03:01:40 --> Session: Class initialized using 'CodeIgniter\Session\Handlers\FileHandler' driver.
INFO - 2025-06-19 03:01:40 --> Cart Class Initialized
DEBUG - 2025-06-19 03:02:03 --> Session: Class initialized using 'CodeIgniter\Session\Handlers\FileHandler' driver.
INFO - 2025-06-19 03:02:03 --> Cart Class Initialized
DEBUG - 2025-06-19 03:02:05 --> Session: Class initialized using 'CodeIgniter\Session\Handlers\FileHandler' driver.
DEBUG - 2025-06-19 03:02:08 --> Session: Class initialized using 'CodeIgniter\Session\Handlers\FileHandler' driver.
DEBUG - 2025-06-19 03:02:08 --> ID del juego: 10
DEBUG - 2025-06-19 03:02:08 --> Datos del juego: Array
(
    [id_videojuego] => 10
    [titulo_videojuego] => Call of Duty: Black Ops 6 (Lote Multigeneracional)
    [descripcion_videojuego] => Se sitúa a principios de los años 90, durante un período de transición y cambios en la política mundial, justo después del fin de la Guerra Fría. El juego presenta una narrativa de suspense y espionaje, con una campaña que incluye escenas cinematográficas, momentos llenos de acción, atracos arriesgados y actividades de espionaje clandestinas. Además, cuenta con un sistema de juego dinámico y una gran variedad de escenarios. 
    [desarrollador_videojuego] => Treyarch
    [distribuidor_videojuego] => Activision
    [precio_videojuego] => 82000
    [imagen_videojuego] => 1750165660_1f887ffb597654aebdea.jpg
    [id_categoria] => 1
    [estado_videojuego] => 1
    [videojuego_stock] => 90
)

DEBUG - 2025-06-19 03:02:10 --> === INICIO agregar_carrito ===
DEBUG - 2025-06-19 03:02:10 --> Session: Class initialized using 'CodeIgniter\Session\Handlers\FileHandler' driver.
INFO - 2025-06-19 03:02:10 --> Cart Class Initialized
DEBUG - 2025-06-19 03:02:10 --> Datos de la solicitud: Array
(
    [method] => POST
    [juego_id] => 10
    [post_data] => Array
        (
            [id] => 10
            [titulo] => Call of Duty: Black Ops 6 (Lote Multigeneracional)
            [precio] => 82000
        )

    [get_data] => Array
        (
        )

    [raw_input] => id=10&titulo=Call+of+Duty%3A+Black+Ops+6+%28Lote+Multigeneracional%29&precio=82000
    [session] => Array
        (
            [__ci_last_regenerate] => 1750302085
            [_ci_previous_url] => http://localhost/proyecto_firmapaz_gabriel/ver_juego/10
            [id] => 5
            [nombre] => juan
            [apellido] => perez
            [perfil] => 2
            [login] => 1
            [total] => 20997
            [cart_contents] => Array
                (
                    [cart_total] => 20997
                    [total_items] => 3
                    [c81e728d9d4c2f636f067f89cc14862c] => Array
                        (
                            [id] => 2
                            [name] => Among Us
                            [price] => 5999
                            [qty] => 2
                            [rowid] => c81e728d9d4c2f636f067f89cc14862c
                            [subtotal] => 11998
                        )

                    [8f14e45fceea167a5a36dedd4bea2543] => Array
                        (
                            [id] => 7
                            [name] => Age of Empires IV: Anniversary Edition2
                            [price] => 8999
                            [qty] => 1
                            [rowid] => 8f14e45fceea167a5a36dedd4bea2543
                            [subtotal] => 8999
                        )

                )

        )

)

ERROR - 2025-06-19 03:02:10 --> An invalid name was submitted as the product name: Call of Duty: Black Ops 6 (Lote Multigeneracional) The name can only contain alpha-numeric characters, dashes, underscores, colons, and spaces
DEBUG - 2025-06-19 03:02:10 --> Juego agregado al carrito exitosamente: Call of Duty: Black Ops 6 (Lote Multigeneracional)
DEBUG - 2025-06-19 03:02:10 --> === FIN agregar_carrito (éxito) ===
DEBUG - 2025-06-19 03:02:10 --> Session: Class initialized using 'CodeIgniter\Session\Handlers\FileHandler' driver.
INFO - 2025-06-19 03:02:10 --> Cart Class Initialized
DEBUG - 2025-06-19 03:02:13 --> Session: Class initialized using 'CodeIgniter\Session\Handlers\FileHandler' driver.
DEBUG - 2025-06-19 03:02:50 --> Session: Class initialized using 'CodeIgniter\Session\Handlers\FileHandler' driver.
DEBUG - 2025-06-19 03:02:50 --> ID del juego: 5
DEBUG - 2025-06-19 03:02:50 --> Datos del juego: Array
(
    [id_videojuego] => 5
    [titulo_videojuego] => Doom
    [descripcion_videojuego] => Este juego se centra en las hazañas de un marine espacial no identificado que opera bajo las órdenes de la Union Aerospace Corporation (UAC), que lucha contra hordas de demonios y no muertos en el inframundo y la Tierra, protagonizando diversos viajes por portales entre ambos mundos.
    [desarrollador_videojuego] => id Software
    [distribuidor_videojuego] => Bethesda Softworks
    [precio_videojuego] => 25999
    [imagen_videojuego] => juego17.jpg
    [id_categoria] => 1
    [estado_videojuego] => 1
    [videojuego_stock] => 95
)

DEBUG - 2025-06-19 03:02:52 --> === INICIO agregar_carrito ===
DEBUG - 2025-06-19 03:02:52 --> Session: Class initialized using 'CodeIgniter\Session\Handlers\FileHandler' driver.
INFO - 2025-06-19 03:02:52 --> Cart Class Initialized
DEBUG - 2025-06-19 03:02:52 --> Datos de la solicitud: Array
(
    [method] => POST
    [juego_id] => 5
    [post_data] => Array
        (
            [id] => 5
            [titulo] => Doom
            [precio] => 25999
        )

    [get_data] => Array
        (
        )

    [raw_input] => id=5&titulo=Doom&precio=25999
    [session] => Array
        (
            [__ci_last_regenerate] => 1750302085
            [_ci_previous_url] => http://localhost/proyecto_firmapaz_gabriel/ver_juego/5
            [id] => 5
            [nombre] => juan
            [apellido] => perez
            [perfil] => 2
            [login] => 1
            [total] => 20997
            [cart_contents] => Array
                (
                    [cart_total] => 20997
                    [total_items] => 3
                    [c81e728d9d4c2f636f067f89cc14862c] => Array
                        (
                            [id] => 2
                            [name] => Among Us
                            [price] => 5999
                            [qty] => 2
                            [rowid] => c81e728d9d4c2f636f067f89cc14862c
                            [subtotal] => 11998
                        )

                    [8f14e45fceea167a5a36dedd4bea2543] => Array
                        (
                            [id] => 7
                            [name] => Age of Empires IV: Anniversary Edition2
                            [price] => 8999
                            [qty] => 1
                            [rowid] => 8f14e45fceea167a5a36dedd4bea2543
                            [subtotal] => 8999
                        )

                )

        )

)

DEBUG - 2025-06-19 03:02:52 --> Juego agregado al carrito exitosamente: Doom
DEBUG - 2025-06-19 03:02:52 --> === FIN agregar_carrito (éxito) ===
DEBUG - 2025-06-19 03:02:52 --> Session: Class initialized using 'CodeIgniter\Session\Handlers\FileHandler' driver.
INFO - 2025-06-19 03:02:52 --> Cart Class Initialized
DEBUG - 2025-06-19 03:02:54 --> Session: Class initialized using 'CodeIgniter\Session\Handlers\FileHandler' driver.
DEBUG - 2025-06-19 03:02:57 --> Session: Class initialized using 'CodeIgniter\Session\Handlers\FileHandler' driver.
DEBUG - 2025-06-19 03:02:57 --> ID del juego: 2
DEBUG - 2025-06-19 03:02:57 --> Datos del juego: Array
(
    [id_videojuego] => 2
    [titulo_videojuego] => Among Us
    [descripcion_videojuego] => Un juego exclusivamente online donde la verdadera oposición son los otros jugadores que están contigo. Cada juego será diferente dependiendo del rol que estés jugando y de la experiencia o astucia de los otros jugadores.
    [desarrollador_videojuego] => Innersloth
    [distribuidor_videojuego] => Innersloth
    [precio_videojuego] => 5999
    [imagen_videojuego] => juego14.jpg
    [id_categoria] => 4
    [estado_videojuego] => 1
    [videojuego_stock] => 32
)

DEBUG - 2025-06-19 03:04:14 --> Session: Class initialized using 'CodeIgniter\Session\Handlers\FileHandler' driver.
DEBUG - 2025-06-19 03:04:14 --> ID del juego: 2
DEBUG - 2025-06-19 03:04:14 --> Datos del juego: Array
(
    [id_videojuego] => 2
    [titulo_videojuego] => Among Us
    [descripcion_videojuego] => Un juego exclusivamente online donde la verdadera oposición son los otros jugadores que están contigo. Cada juego será diferente dependiendo del rol que estés jugando y de la experiencia o astucia de los otros jugadores.
    [desarrollador_videojuego] => Innersloth
    [distribuidor_videojuego] => Innersloth
    [precio_videojuego] => 5999
    [imagen_videojuego] => juego14.jpg
    [id_categoria] => 4
    [estado_videojuego] => 1
    [videojuego_stock] => 32
)

DEBUG - 2025-06-19 03:04:15 --> === INICIO agregar_carrito ===
DEBUG - 2025-06-19 03:04:15 --> Session: Class initialized using 'CodeIgniter\Session\Handlers\FileHandler' driver.
INFO - 2025-06-19 03:04:15 --> Cart Class Initialized
DEBUG - 2025-06-19 03:04:15 --> Datos de la solicitud: Array
(
    [method] => POST
    [juego_id] => 2
    [post_data] => Array
        (
            [id] => 2
            [titulo] => Among Us
            [precio] => 5999
        )

    [get_data] => Array
        (
        )

    [raw_input] => id=2&titulo=Among+Us&precio=5999
    [session] => Array
        (
            [__ci_last_regenerate] => 1750302085
            [_ci_previous_url] => http://localhost/proyecto_firmapaz_gabriel/ver_juego/2
            [id] => 5
            [nombre] => juan
            [apellido] => perez
            [perfil] => 2
            [login] => 1
            [total] => 46996
            [cart_contents] => Array
                (
                    [cart_total] => 46996
                    [total_items] => 4
                    [c81e728d9d4c2f636f067f89cc14862c] => Array
                        (
                            [id] => 2
                            [name] => Among Us
                            [price] => 5999
                            [qty] => 2
                            [rowid] => c81e728d9d4c2f636f067f89cc14862c
                            [subtotal] => 11998
                        )

                    [8f14e45fceea167a5a36dedd4bea2543] => Array
                        (
                            [id] => 7
                            [name] => Age of Empires IV: Anniversary Edition2
                            [price] => 8999
                            [qty] => 1
                            [rowid] => 8f14e45fceea167a5a36dedd4bea2543
                            [subtotal] => 8999
                        )

                    [e4da3b7fbbce2345d7772b0674a318d5] => Array
                        (
                            [id] => 5
                            [name] => Doom
                            [price] => 25999
                            [qty] => 1
                            [rowid] => e4da3b7fbbce2345d7772b0674a318d5
                            [subtotal] => 25999
                        )

                )

        )

)

DEBUG - 2025-06-19 03:04:15 --> Juego agregado al carrito exitosamente: Among Us
DEBUG - 2025-06-19 03:04:15 --> === FIN agregar_carrito (éxito) ===
DEBUG - 2025-06-19 03:04:16 --> Session: Class initialized using 'CodeIgniter\Session\Handlers\FileHandler' driver.
INFO - 2025-06-19 03:04:16 --> Cart Class Initialized
DEBUG - 2025-06-19 03:04:18 --> Session: Class initialized using 'CodeIgniter\Session\Handlers\FileHandler' driver.
DEBUG - 2025-06-19 03:04:20 --> Session: Class initialized using 'CodeIgniter\Session\Handlers\FileHandler' driver.
DEBUG - 2025-06-19 03:04:21 --> Session: Class initialized using 'CodeIgniter\Session\Handlers\FileHandler' driver.
DEBUG - 2025-06-19 03:04:23 --> Session: Class initialized using 'CodeIgniter\Session\Handlers\FileHandler' driver.
INFO - 2025-06-19 03:04:23 --> Cart Class Initialized
DEBUG - 2025-06-19 03:04:25 --> Session: Class initialized using 'CodeIgniter\Session\Handlers\FileHandler' driver.
INFO - 2025-06-19 03:04:25 --> Cart Class Initialized
DEBUG - 2025-06-19 03:04:26 --> Session: Class initialized using 'CodeIgniter\Session\Handlers\FileHandler' driver.
INFO - 2025-06-19 03:04:26 --> Cart Class Initialized
DEBUG - 2025-06-19 03:04:29 --> Session: Class initialized using 'CodeIgniter\Session\Handlers\FileHandler' driver.
INFO - 2025-06-19 03:04:29 --> Cart Class Initialized
DEBUG - 2025-06-19 03:04:32 --> Session: Class initialized using 'CodeIgniter\Session\Handlers\FileHandler' driver.
DEBUG - 2025-06-19 03:04:34 --> Session: Class initialized using 'CodeIgniter\Session\Handlers\FileHandler' driver.
DEBUG - 2025-06-19 03:04:34 --> Session: Class initialized using 'CodeIgniter\Session\Handlers\FileHandler' driver.
DEBUG - 2025-06-19 03:04:37 --> Session: Class initialized using 'CodeIgniter\Session\Handlers\FileHandler' driver.
INFO - 2025-06-19 03:04:38 --> Cart Class Initialized
DEBUG - 2025-06-19 03:04:42 --> Session: Class initialized using 'CodeIgniter\Session\Handlers\FileHandler' driver.
DEBUG - 2025-06-19 03:04:44 --> Session: Class initialized using 'CodeIgniter\Session\Handlers\FileHandler' driver.
DEBUG - 2025-06-19 03:05:02 --> Session: Class initialized using 'CodeIgniter\Session\Handlers\FileHandler' driver.
DEBUG - 2025-06-19 03:05:09 --> Session: Class initialized using 'CodeIgniter\Session\Handlers\FileHandler' driver.
DEBUG - 2025-06-19 03:05:10 --> Session: Class initialized using 'CodeIgniter\Session\Handlers\FileHandler' driver.
DEBUG - 2025-06-19 03:05:31 --> Session: Class initialized using 'CodeIgniter\Session\Handlers\FileHandler' driver.
DEBUG - 2025-06-19 03:05:44 --> Session: Class initialized using 'CodeIgniter\Session\Handlers\FileHandler' driver.
DEBUG - 2025-06-19 03:05:45 --> Session: Class initialized using 'CodeIgniter\Session\Handlers\FileHandler' driver.
DEBUG - 2025-06-19 03:05:59 --> Session: Class initialized using 'CodeIgniter\Session\Handlers\FileHandler' driver.
DEBUG - 2025-06-19 03:06:00 --> Session: Class initialized using 'CodeIgniter\Session\Handlers\FileHandler' driver.
DEBUG - 2025-06-19 03:06:03 --> Session: Class initialized using 'CodeIgniter\Session\Handlers\FileHandler' driver.
DEBUG - 2025-06-19 03:06:05 --> Session: Class initialized using 'CodeIgniter\Session\Handlers\FileHandler' driver.
DEBUG - 2025-06-19 03:06:10 --> Session: Class initialized using 'CodeIgniter\Session\Handlers\FileHandler' driver.
DEBUG - 2025-06-19 03:06:13 --> Session: Class initialized using 'CodeIgniter\Session\Handlers\FileHandler' driver.
DEBUG - 2025-06-19 03:06:25 --> Session: Class initialized using 'CodeIgniter\Session\Handlers\FileHandler' driver.
DEBUG - 2025-06-19 03:06:28 --> Session: Class initialized using 'CodeIgniter\Session\Handlers\FileHandler' driver.
DEBUG - 2025-06-19 03:06:30 --> Session: Class initialized using 'CodeIgniter\Session\Handlers\FileHandler' driver.
DEBUG - 2025-06-19 03:06:37 --> Session: Class initialized using 'CodeIgniter\Session\Handlers\FileHandler' driver.
CRITICAL - 2025-06-19 03:06:43 --> CodeIgniter\HTTP\Exceptions\HTTPException: The route for "gestionar_juego" cannot be found.
[Method: POST, Route: cambiar_estado_videojuego/7]
in SYSTEMPATH\HTTP\RedirectResponse.php on line 63.
 1 SYSTEMPATH\HTTP\RedirectResponse.php(63): CodeIgniter\HTTP\Exceptions\HTTPException::forInvalidRedirectRoute('gestionar_juego')
 2 APPPATH\Controllers\Videojuegos_controller.php(113): CodeIgniter\HTTP\RedirectResponse->route(false)
 3 SYSTEMPATH\CodeIgniter.php(933): App\Controllers\Videojuegos_controller->cambiar_estado_videojuego('7')
 4 SYSTEMPATH\CodeIgniter.php(507): CodeIgniter\CodeIgniter->runController(Object(App\Controllers\Videojuegos_controller))
 5 SYSTEMPATH\CodeIgniter.php(354): CodeIgniter\CodeIgniter->handleRequest(null, Object(Config\Cache), false)
 6 SYSTEMPATH\Boot.php(334): CodeIgniter\CodeIgniter->run()
 7 SYSTEMPATH\Boot.php(67): CodeIgniter\Boot::runCodeIgniter(Object(CodeIgniter\CodeIgniter))
 8 FCPATH\index.php(56): CodeIgniter\Boot::bootWeb(Object(Config\Paths))
DEBUG - 2025-06-19 03:06:55 --> Session: Class initialized using 'CodeIgniter\Session\Handlers\FileHandler' driver.
CRITICAL - 2025-06-19 03:06:58 --> CodeIgniter\HTTP\Exceptions\HTTPException: The route for "gestionar_juego" cannot be found.
[Method: POST, Route: actualizar_videojuego/7]
in SYSTEMPATH\HTTP\RedirectResponse.php on line 63.
 1 SYSTEMPATH\HTTP\RedirectResponse.php(63): CodeIgniter\HTTP\Exceptions\HTTPException::forInvalidRedirectRoute('gestionar_juego')
 2 APPPATH\Controllers\Videojuegos_controller.php(232): CodeIgniter\HTTP\RedirectResponse->route(false)
 3 SYSTEMPATH\CodeIgniter.php(933): App\Controllers\Videojuegos_controller->actualizar_videojuego('7')
 4 SYSTEMPATH\CodeIgniter.php(507): CodeIgniter\CodeIgniter->runController(Object(App\Controllers\Videojuegos_controller))
 5 SYSTEMPATH\CodeIgniter.php(354): CodeIgniter\CodeIgniter->handleRequest(null, Object(Config\Cache), false)
 6 SYSTEMPATH\Boot.php(334): CodeIgniter\CodeIgniter->run()
 7 SYSTEMPATH\Boot.php(67): CodeIgniter\Boot::runCodeIgniter(Object(CodeIgniter\CodeIgniter))
 8 FCPATH\index.php(56): CodeIgniter\Boot::bootWeb(Object(Config\Paths))
DEBUG - 2025-06-19 03:07:57 --> Session: Class initialized using 'CodeIgniter\Session\Handlers\FileHandler' driver.
DEBUG - 2025-06-19 03:08:01 --> Session: Class initialized using 'CodeIgniter\Session\Handlers\FileHandler' driver.
DEBUG - 2025-06-19 03:09:55 --> Session: Class initialized using 'CodeIgniter\Session\Handlers\FileHandler' driver.
DEBUG - 2025-06-19 03:10:03 --> Session: Class initialized using 'CodeIgniter\Session\Handlers\FileHandler' driver.
DEBUG - 2025-06-19 03:10:03 --> Session: Class initialized using 'CodeIgniter\Session\Handlers\FileHandler' driver.
DEBUG - 2025-06-19 03:10:07 --> Session: Class initialized using 'CodeIgniter\Session\Handlers\FileHandler' driver.
DEBUG - 2025-06-19 03:10:08 --> Session: Class initialized using 'CodeIgniter\Session\Handlers\FileHandler' driver.
DEBUG - 2025-06-19 03:10:12 --> Session: Class initialized using 'CodeIgniter\Session\Handlers\FileHandler' driver.
DEBUG - 2025-06-19 03:10:12 --> Session: Class initialized using 'CodeIgniter\Session\Handlers\FileHandler' driver.
DEBUG - 2025-06-19 03:10:19 --> Session: Class initialized using 'CodeIgniter\Session\Handlers\FileHandler' driver.
DEBUG - 2025-06-19 03:10:19 --> Session: Class initialized using 'CodeIgniter\Session\Handlers\FileHandler' driver.
DEBUG - 2025-06-19 03:10:23 --> Session: Class initialized using 'CodeIgniter\Session\Handlers\FileHandler' driver.
DEBUG - 2025-06-19 03:10:23 --> Session: Class initialized using 'CodeIgniter\Session\Handlers\FileHandler' driver.
DEBUG - 2025-06-19 03:10:29 --> Session: Class initialized using 'CodeIgniter\Session\Handlers\FileHandler' driver.
DEBUG - 2025-06-19 03:10:29 --> Session: Class initialized using 'CodeIgniter\Session\Handlers\FileHandler' driver.
DEBUG - 2025-06-19 03:10:34 --> Session: Class initialized using 'CodeIgniter\Session\Handlers\FileHandler' driver.
DEBUG - 2025-06-19 03:10:34 --> Session: Class initialized using 'CodeIgniter\Session\Handlers\FileHandler' driver.
DEBUG - 2025-06-19 03:10:40 --> Session: Class initialized using 'CodeIgniter\Session\Handlers\FileHandler' driver.
CRITICAL - 2025-06-19 03:10:47 --> ErrorException: Undefined variable $juegoModel
[Method: POST, Route: actualizar_videojuego/7]
in APPPATH\Controllers\Videojuegos_controller.php on line 234.
 1 APPPATH\Controllers\Videojuegos_controller.php(234): CodeIgniter\Debug\Exceptions->errorHandler(2, 'Undefined variable $juegoModel', 'C:\\xampp\\htdocs\\proyecto_firmapaz_gabriel\\app\\Controllers\\Videojuegos_controller.php', 234)
 2 SYSTEMPATH\CodeIgniter.php(933): App\Controllers\Videojuegos_controller->actualizar_videojuego('7')
 3 SYSTEMPATH\CodeIgniter.php(507): CodeIgniter\CodeIgniter->runController(Object(App\Controllers\Videojuegos_controller))
 4 SYSTEMPATH\CodeIgniter.php(354): CodeIgniter\CodeIgniter->handleRequest(null, Object(Config\Cache), false)
 5 SYSTEMPATH\Boot.php(334): CodeIgniter\CodeIgniter->run()
 6 SYSTEMPATH\Boot.php(67): CodeIgniter\Boot::runCodeIgniter(Object(CodeIgniter\CodeIgniter))
 7 FCPATH\index.php(56): CodeIgniter\Boot::bootWeb(Object(Config\Paths))
DEBUG - 2025-06-19 03:10:59 --> Session: Class initialized using 'CodeIgniter\Session\Handlers\FileHandler' driver.
CRITICAL - 2025-06-19 03:11:28 --> ErrorException: Undefined variable $juegoModel
[Method: POST, Route: actualizar_videojuego/7]
in APPPATH\Controllers\Videojuegos_controller.php on line 234.
 1 APPPATH\Controllers\Videojuegos_controller.php(234): CodeIgniter\Debug\Exceptions->errorHandler(2, 'Undefined variable $juegoModel', 'C:\\xampp\\htdocs\\proyecto_firmapaz_gabriel\\app\\Controllers\\Videojuegos_controller.php', 234)
 2 SYSTEMPATH\CodeIgniter.php(933): App\Controllers\Videojuegos_controller->actualizar_videojuego('7')
 3 SYSTEMPATH\CodeIgniter.php(507): CodeIgniter\CodeIgniter->runController(Object(App\Controllers\Videojuegos_controller))
 4 SYSTEMPATH\CodeIgniter.php(354): CodeIgniter\CodeIgniter->handleRequest(null, Object(Config\Cache), false)
 5 SYSTEMPATH\Boot.php(334): CodeIgniter\CodeIgniter->run()
 6 SYSTEMPATH\Boot.php(67): CodeIgniter\Boot::runCodeIgniter(Object(CodeIgniter\CodeIgniter))
 7 FCPATH\index.php(56): CodeIgniter\Boot::bootWeb(Object(Config\Paths))
CRITICAL - 2025-06-19 03:11:34 --> ErrorException: Undefined variable $juegoModel
[Method: POST, Route: actualizar_videojuego/7]
in APPPATH\Controllers\Videojuegos_controller.php on line 234.
 1 APPPATH\Controllers\Videojuegos_controller.php(234): CodeIgniter\Debug\Exceptions->errorHandler(2, 'Undefined variable $juegoModel', 'C:\\xampp\\htdocs\\proyecto_firmapaz_gabriel\\app\\Controllers\\Videojuegos_controller.php', 234)
 2 SYSTEMPATH\CodeIgniter.php(933): App\Controllers\Videojuegos_controller->actualizar_videojuego('7')
 3 SYSTEMPATH\CodeIgniter.php(507): CodeIgniter\CodeIgniter->runController(Object(App\Controllers\Videojuegos_controller))
 4 SYSTEMPATH\CodeIgniter.php(354): CodeIgniter\CodeIgniter->handleRequest(null, Object(Config\Cache), false)
 5 SYSTEMPATH\Boot.php(334): CodeIgniter\CodeIgniter->run()
 6 SYSTEMPATH\Boot.php(67): CodeIgniter\Boot::runCodeIgniter(Object(CodeIgniter\CodeIgniter))
 7 FCPATH\index.php(56): CodeIgniter\Boot::bootWeb(Object(Config\Paths))
DEBUG - 2025-06-19 03:12:32 --> Session: Class initialized using 'CodeIgniter\Session\Handlers\FileHandler' driver.
DEBUG - 2025-06-19 03:12:34 --> Session: Class initialized using 'CodeIgniter\Session\Handlers\FileHandler' driver.
DEBUG - 2025-06-19 03:12:38 --> Session: Class initialized using 'CodeIgniter\Session\Handlers\FileHandler' driver.
DEBUG - 2025-06-19 03:12:38 --> Session: Class initialized using 'CodeIgniter\Session\Handlers\FileHandler' driver.
DEBUG - 2025-06-19 03:12:41 --> Session: Class initialized using 'CodeIgniter\Session\Handlers\FileHandler' driver.
DEBUG - 2025-06-19 03:12:58 --> Session: Class initialized using 'CodeIgniter\Session\Handlers\FileHandler' driver.
DEBUG - 2025-06-19 03:13:05 --> Session: Class initialized using 'CodeIgniter\Session\Handlers\FileHandler' driver.
DEBUG - 2025-06-19 03:13:17 --> Session: Class initialized using 'CodeIgniter\Session\Handlers\FileHandler' driver.
DEBUG - 2025-06-19 03:13:21 --> Session: Class initialized using 'CodeIgniter\Session\Handlers\FileHandler' driver.
DEBUG - 2025-06-19 03:16:13 --> Session: Class initialized using 'CodeIgniter\Session\Handlers\FileHandler' driver.
DEBUG - 2025-06-19 03:16:14 --> Session: Class initialized using 'CodeIgniter\Session\Handlers\FileHandler' driver.
DEBUG - 2025-06-19 03:16:17 --> Session: Class initialized using 'CodeIgniter\Session\Handlers\FileHandler' driver.
DEBUG - 2025-06-19 03:16:17 --> Session: Class initialized using 'CodeIgniter\Session\Handlers\FileHandler' driver.
DEBUG - 2025-06-19 03:16:19 --> Session: Class initialized using 'CodeIgniter\Session\Handlers\FileHandler' driver.
DEBUG - 2025-06-19 03:16:24 --> Session: Class initialized using 'CodeIgniter\Session\Handlers\FileHandler' driver.
DEBUG - 2025-06-19 03:16:34 --> Session: Class initialized using 'CodeIgniter\Session\Handlers\FileHandler' driver.
DEBUG - 2025-06-19 03:16:42 --> Session: Class initialized using 'CodeIgniter\Session\Handlers\FileHandler' driver.
DEBUG - 2025-06-19 03:16:45 --> Session: Class initialized using 'CodeIgniter\Session\Handlers\FileHandler' driver.
DEBUG - 2025-06-19 03:16:53 --> Session: Class initialized using 'CodeIgniter\Session\Handlers\FileHandler' driver.
DEBUG - 2025-06-19 03:17:00 --> Session: Class initialized using 'CodeIgniter\Session\Handlers\FileHandler' driver.
DEBUG - 2025-06-19 03:17:04 --> Session: Class initialized using 'CodeIgniter\Session\Handlers\FileHandler' driver.
DEBUG - 2025-06-19 03:17:07 --> Session: Class initialized using 'CodeIgniter\Session\Handlers\FileHandler' driver.
DEBUG - 2025-06-19 03:17:33 --> Session: Class initialized using 'CodeIgniter\Session\Handlers\FileHandler' driver.
DEBUG - 2025-06-19 03:17:35 --> Session: Class initialized using 'CodeIgniter\Session\Handlers\FileHandler' driver.
DEBUG - 2025-06-19 03:23:05 --> Session: Class initialized using 'CodeIgniter\Session\Handlers\FileHandler' driver.
CRITICAL - 2025-06-19 03:23:05 --> TypeError: Cannot access offset of type string on string
[Method: GET, Route: editar_videojuego/7]
in APPPATH\Views\Backend\editar_juego.php on line 127.
 1 SYSTEMPATH\View\View.php(224): include()
 2 SYSTEMPATH\View\View.php(227): CodeIgniter\View\View->CodeIgniter\View\{closure}()
 3 SYSTEMPATH\Common.php(1173): CodeIgniter\View\View->render('Backend/editar_juego', [], true)
 4 APPPATH\Controllers\Videojuegos_controller.php(111): view('Backend/editar_juego', [...])
 5 SYSTEMPATH\CodeIgniter.php(933): App\Controllers\Videojuegos_controller->form_editar_videojuego('7')
 6 SYSTEMPATH\CodeIgniter.php(507): CodeIgniter\CodeIgniter->runController(Object(App\Controllers\Videojuegos_controller))
 7 SYSTEMPATH\CodeIgniter.php(354): CodeIgniter\CodeIgniter->handleRequest(null, Object(Config\Cache), false)
 8 SYSTEMPATH\Boot.php(334): CodeIgniter\CodeIgniter->run()
 9 SYSTEMPATH\Boot.php(67): CodeIgniter\Boot::runCodeIgniter(Object(CodeIgniter\CodeIgniter))
10 FCPATH\index.php(56): CodeIgniter\Boot::bootWeb(Object(Config\Paths))
DEBUG - 2025-06-19 03:23:32 --> Session: Class initialized using 'CodeIgniter\Session\Handlers\FileHandler' driver.
DEBUG - 2025-06-19 03:23:40 --> Session: Class initialized using 'CodeIgniter\Session\Handlers\FileHandler' driver.
DEBUG - 2025-06-19 03:24:23 --> Session: Class initialized using 'CodeIgniter\Session\Handlers\FileHandler' driver.
DEBUG - 2025-06-19 03:24:29 --> Session: Class initialized using 'CodeIgniter\Session\Handlers\FileHandler' driver.
DEBUG - 2025-06-19 03:24:30 --> Session: Class initialized using 'CodeIgniter\Session\Handlers\FileHandler' driver.
DEBUG - 2025-06-19 03:24:31 --> Session: Class initialized using 'CodeIgniter\Session\Handlers\FileHandler' driver.
DEBUG - 2025-06-19 03:25:03 --> Session: Class initialized using 'CodeIgniter\Session\Handlers\FileHandler' driver.
DEBUG - 2025-06-19 03:25:06 --> Session: Class initialized using 'CodeIgniter\Session\Handlers\FileHandler' driver.
DEBUG - 2025-06-19 03:27:36 --> Session: Class initialized using 'CodeIgniter\Session\Handlers\FileHandler' driver.
DEBUG - 2025-06-19 03:27:42 --> Session: Class initialized using 'CodeIgniter\Session\Handlers\FileHandler' driver.
DEBUG - 2025-06-19 03:27:45 --> Session: Class initialized using 'CodeIgniter\Session\Handlers\FileHandler' driver.
CRITICAL - 2025-06-19 03:27:45 --> Error: Call to a member function hasError() on array
[Method: GET, Route: editar_videojuego/7]
in APPPATH\Views\Backend\editar_juego.php on line 40.
 1 SYSTEMPATH\View\View.php(224): include()
 2 SYSTEMPATH\View\View.php(227): CodeIgniter\View\View->CodeIgniter\View\{closure}()
 3 SYSTEMPATH\Common.php(1173): CodeIgniter\View\View->render('Backend/editar_juego', [], true)
 4 APPPATH\Controllers\Videojuegos_controller.php(111): view('Backend/editar_juego', [...])
 5 SYSTEMPATH\CodeIgniter.php(933): App\Controllers\Videojuegos_controller->form_editar_videojuego('7')
 6 SYSTEMPATH\CodeIgniter.php(507): CodeIgniter\CodeIgniter->runController(Object(App\Controllers\Videojuegos_controller))
 7 SYSTEMPATH\CodeIgniter.php(354): CodeIgniter\CodeIgniter->handleRequest(null, Object(Config\Cache), false)
 8 SYSTEMPATH\Boot.php(334): CodeIgniter\CodeIgniter->run()
 9 SYSTEMPATH\Boot.php(67): CodeIgniter\Boot::runCodeIgniter(Object(CodeIgniter\CodeIgniter))
10 FCPATH\index.php(56): CodeIgniter\Boot::bootWeb(Object(Config\Paths))
DEBUG - 2025-06-19 03:27:49 --> Session: Class initialized using 'CodeIgniter\Session\Handlers\FileHandler' driver.
CRITICAL - 2025-06-19 03:27:49 --> Error: Call to a member function hasError() on array
[Method: GET, Route: editar_videojuego/2]
in APPPATH\Views\Backend\editar_juego.php on line 40.
 1 SYSTEMPATH\View\View.php(224): include()
 2 SYSTEMPATH\View\View.php(227): CodeIgniter\View\View->CodeIgniter\View\{closure}()
 3 SYSTEMPATH\Common.php(1173): CodeIgniter\View\View->render('Backend/editar_juego', [], true)
 4 APPPATH\Controllers\Videojuegos_controller.php(111): view('Backend/editar_juego', [...])
 5 SYSTEMPATH\CodeIgniter.php(933): App\Controllers\Videojuegos_controller->form_editar_videojuego('2')
 6 SYSTEMPATH\CodeIgniter.php(507): CodeIgniter\CodeIgniter->runController(Object(App\Controllers\Videojuegos_controller))
 7 SYSTEMPATH\CodeIgniter.php(354): CodeIgniter\CodeIgniter->handleRequest(null, Object(Config\Cache), false)
 8 SYSTEMPATH\Boot.php(334): CodeIgniter\CodeIgniter->run()
 9 SYSTEMPATH\Boot.php(67): CodeIgniter\Boot::runCodeIgniter(Object(CodeIgniter\CodeIgniter))
10 FCPATH\index.php(56): CodeIgniter\Boot::bootWeb(Object(Config\Paths))
DEBUG - 2025-06-19 03:27:54 --> Session: Class initialized using 'CodeIgniter\Session\Handlers\FileHandler' driver.
DEBUG - 2025-06-19 03:27:54 --> Session: Class initialized using 'CodeIgniter\Session\Handlers\FileHandler' driver.
DEBUG - 2025-06-19 03:27:57 --> Session: Class initialized using 'CodeIgniter\Session\Handlers\FileHandler' driver.
CRITICAL - 2025-06-19 03:27:57 --> Error: Call to a member function hasError() on array
[Method: GET, Route: editar_videojuego/7]
in APPPATH\Views\Backend\editar_juego.php on line 40.
 1 SYSTEMPATH\View\View.php(224): include()
 2 SYSTEMPATH\View\View.php(227): CodeIgniter\View\View->CodeIgniter\View\{closure}()
 3 SYSTEMPATH\Common.php(1173): CodeIgniter\View\View->render('Backend/editar_juego', [], true)
 4 APPPATH\Controllers\Videojuegos_controller.php(111): view('Backend/editar_juego', [...])
 5 SYSTEMPATH\CodeIgniter.php(933): App\Controllers\Videojuegos_controller->form_editar_videojuego('7')
 6 SYSTEMPATH\CodeIgniter.php(507): CodeIgniter\CodeIgniter->runController(Object(App\Controllers\Videojuegos_controller))
 7 SYSTEMPATH\CodeIgniter.php(354): CodeIgniter\CodeIgniter->handleRequest(null, Object(Config\Cache), false)
 8 SYSTEMPATH\Boot.php(334): CodeIgniter\CodeIgniter->run()
 9 SYSTEMPATH\Boot.php(67): CodeIgniter\Boot::runCodeIgniter(Object(CodeIgniter\CodeIgniter))
10 FCPATH\index.php(56): CodeIgniter\Boot::bootWeb(Object(Config\Paths))
DEBUG - 2025-06-19 03:28:50 --> Session: Class initialized using 'CodeIgniter\Session\Handlers\FileHandler' driver.
DEBUG - 2025-06-19 03:28:56 --> Session: Class initialized using 'CodeIgniter\Session\Handlers\FileHandler' driver.
CRITICAL - 2025-06-19 03:28:56 --> Error: Call to a member function hasError() on array
[Method: GET, Route: editar_videojuego/7]
in APPPATH\Views\Backend\editar_juego.php on line 40.
 1 SYSTEMPATH\View\View.php(224): include()
 2 SYSTEMPATH\View\View.php(227): CodeIgniter\View\View->CodeIgniter\View\{closure}()
 3 SYSTEMPATH\Common.php(1173): CodeIgniter\View\View->render('Backend/editar_juego', [], true)
 4 APPPATH\Controllers\Videojuegos_controller.php(111): view('Backend/editar_juego', [...])
 5 SYSTEMPATH\CodeIgniter.php(933): App\Controllers\Videojuegos_controller->form_editar_videojuego('7')
 6 SYSTEMPATH\CodeIgniter.php(507): CodeIgniter\CodeIgniter->runController(Object(App\Controllers\Videojuegos_controller))
 7 SYSTEMPATH\CodeIgniter.php(354): CodeIgniter\CodeIgniter->handleRequest(null, Object(Config\Cache), false)
 8 SYSTEMPATH\Boot.php(334): CodeIgniter\CodeIgniter->run()
 9 SYSTEMPATH\Boot.php(67): CodeIgniter\Boot::runCodeIgniter(Object(CodeIgniter\CodeIgniter))
10 FCPATH\index.php(56): CodeIgniter\Boot::bootWeb(Object(Config\Paths))
DEBUG - 2025-06-19 03:29:00 --> Session: Class initialized using 'CodeIgniter\Session\Handlers\FileHandler' driver.
DEBUG - 2025-06-19 03:29:06 --> Session: Class initialized using 'CodeIgniter\Session\Handlers\FileHandler' driver.
DEBUG - 2025-06-19 03:31:03 --> Session: Class initialized using 'CodeIgniter\Session\Handlers\FileHandler' driver.
CRITICAL - 2025-06-19 03:31:49 --> ParseError: syntax error, unexpected token "public"
[Method: POST, Route: insertar_juego]
in APPPATH\Controllers\Videojuegos_controller.php on line 261.
 1 SYSTEMPATH\Autoloader\Autoloader.php(295): CodeIgniter\Autoloader\Autoloader->includeFile('C:\\xampp\\htdocs\\proyecto_firmapaz_gabriel\\app\\Controllers\\Videojuegos_controller.php')
 2 SYSTEMPATH\Autoloader\Autoloader.php(271): CodeIgniter\Autoloader\Autoloader->loadInNamespace('App\\Controllers\\Videojuegos_controller')
 3 [internal function]: CodeIgniter\Autoloader\Autoloader->loadClass('App\\Controllers\\Videojuegos_controller')
 4 SYSTEMPATH\CodeIgniter.php(885): class_exists('\\App\\Controllers\\Videojuegos_controller', true)
 5 SYSTEMPATH\CodeIgniter.php(494): CodeIgniter\CodeIgniter->startController()
 6 SYSTEMPATH\CodeIgniter.php(354): CodeIgniter\CodeIgniter->handleRequest(null, Object(Config\Cache), false)
 7 SYSTEMPATH\Boot.php(334): CodeIgniter\CodeIgniter->run()
 8 SYSTEMPATH\Boot.php(67): CodeIgniter\Boot::runCodeIgniter(Object(CodeIgniter\CodeIgniter))
 9 FCPATH\index.php(56): CodeIgniter\Boot::bootWeb(Object(Config\Paths))
DEBUG - 2025-06-19 03:32:28 --> Session: Class initialized using 'CodeIgniter\Session\Handlers\FileHandler' driver.
DEBUG - 2025-06-19 03:32:31 --> Session: Class initialized using 'CodeIgniter\Session\Handlers\FileHandler' driver.
DEBUG - 2025-06-19 03:32:33 --> Session: Class initialized using 'CodeIgniter\Session\Handlers\FileHandler' driver.
CRITICAL - 2025-06-19 03:32:33 --> ErrorException: Undefined array key "activo"
[Method: GET, Route: editar_videojuego/7]
in APPPATH\Views\Backend\editar_juego.php on line 223.
 1 APPPATH\Views\Backend\editar_juego.php(223): CodeIgniter\Debug\Exceptions->errorHandler(2, 'Undefined array key "activo"', 'C:\\xampp\\htdocs\\proyecto_firmapaz_gabriel\\app\\Views\\Backend\\editar_juego.php', 223)
 2 SYSTEMPATH\View\View.php(224): include('C:\\xampp\\htdocs\\proyecto_firmapaz_gabriel\\app\\Views\\Backend\\editar_juego.php')
 3 SYSTEMPATH\View\View.php(227): CodeIgniter\View\View->CodeIgniter\View\{closure}()
 4 SYSTEMPATH\Common.php(1173): CodeIgniter\View\View->render('Backend/editar_juego', [], true)
 5 APPPATH\Controllers\Videojuegos_controller.php(106): view('Backend/editar_juego', [...])
 6 SYSTEMPATH\CodeIgniter.php(933): App\Controllers\Videojuegos_controller->form_editar_videojuego('7')
 7 SYSTEMPATH\CodeIgniter.php(507): CodeIgniter\CodeIgniter->runController(Object(App\Controllers\Videojuegos_controller))
 8 SYSTEMPATH\CodeIgniter.php(354): CodeIgniter\CodeIgniter->handleRequest(null, Object(Config\Cache), false)
 9 SYSTEMPATH\Boot.php(334): CodeIgniter\CodeIgniter->run()
10 SYSTEMPATH\Boot.php(67): CodeIgniter\Boot::runCodeIgniter(Object(CodeIgniter\CodeIgniter))
11 FCPATH\index.php(56): CodeIgniter\Boot::bootWeb(Object(Config\Paths))
DEBUG - 2025-06-19 03:32:34 --> Session: Class initialized using 'CodeIgniter\Session\Handlers\FileHandler' driver.
DEBUG - 2025-06-19 03:32:36 --> Session: Class initialized using 'CodeIgniter\Session\Handlers\FileHandler' driver.
DEBUG - 2025-06-19 03:32:42 --> Session: Class initialized using 'CodeIgniter\Session\Handlers\FileHandler' driver.
DEBUG - 2025-06-19 03:32:45 --> Session: Class initialized using 'CodeIgniter\Session\Handlers\FileHandler' driver.
CRITICAL - 2025-06-19 03:32:45 --> ErrorException: Undefined array key "activo"
[Method: GET, Route: editar_videojuego/7]
in APPPATH\Views\Backend\editar_juego.php on line 223.
 1 APPPATH\Views\Backend\editar_juego.php(223): CodeIgniter\Debug\Exceptions->errorHandler(2, 'Undefined array key "activo"', 'C:\\xampp\\htdocs\\proyecto_firmapaz_gabriel\\app\\Views\\Backend\\editar_juego.php', 223)
 2 SYSTEMPATH\View\View.php(224): include('C:\\xampp\\htdocs\\proyecto_firmapaz_gabriel\\app\\Views\\Backend\\editar_juego.php')
 3 SYSTEMPATH\View\View.php(227): CodeIgniter\View\View->CodeIgniter\View\{closure}()
 4 SYSTEMPATH\Common.php(1173): CodeIgniter\View\View->render('Backend/editar_juego', [], true)
 5 APPPATH\Controllers\Videojuegos_controller.php(106): view('Backend/editar_juego', [...])
 6 SYSTEMPATH\CodeIgniter.php(933): App\Controllers\Videojuegos_controller->form_editar_videojuego('7')
 7 SYSTEMPATH\CodeIgniter.php(507): CodeIgniter\CodeIgniter->runController(Object(App\Controllers\Videojuegos_controller))
 8 SYSTEMPATH\CodeIgniter.php(354): CodeIgniter\CodeIgniter->handleRequest(null, Object(Config\Cache), false)
 9 SYSTEMPATH\Boot.php(334): CodeIgniter\CodeIgniter->run()
10 SYSTEMPATH\Boot.php(67): CodeIgniter\Boot::runCodeIgniter(Object(CodeIgniter\CodeIgniter))
11 FCPATH\index.php(56): CodeIgniter\Boot::bootWeb(Object(Config\Paths))
DEBUG - 2025-06-19 03:33:09 --> Session: Class initialized using 'CodeIgniter\Session\Handlers\FileHandler' driver.
DEBUG - 2025-06-19 03:33:11 --> Session: Class initialized using 'CodeIgniter\Session\Handlers\FileHandler' driver.
CRITICAL - 2025-06-19 03:33:11 --> ErrorException: Undefined array key "activo"
[Method: GET, Route: editar_videojuego/2]
in APPPATH\Views\Backend\editar_juego.php on line 223.
 1 APPPATH\Views\Backend\editar_juego.php(223): CodeIgniter\Debug\Exceptions->errorHandler(2, 'Undefined array key "activo"', 'C:\\xampp\\htdocs\\proyecto_firmapaz_gabriel\\app\\Views\\Backend\\editar_juego.php', 223)
 2 SYSTEMPATH\View\View.php(224): include('C:\\xampp\\htdocs\\proyecto_firmapaz_gabriel\\app\\Views\\Backend\\editar_juego.php')
 3 SYSTEMPATH\View\View.php(227): CodeIgniter\View\View->CodeIgniter\View\{closure}()
 4 SYSTEMPATH\Common.php(1173): CodeIgniter\View\View->render('Backend/editar_juego', [], true)
 5 APPPATH\Controllers\Videojuegos_controller.php(106): view('Backend/editar_juego', [...])
 6 SYSTEMPATH\CodeIgniter.php(933): App\Controllers\Videojuegos_controller->form_editar_videojuego('2')
 7 SYSTEMPATH\CodeIgniter.php(507): CodeIgniter\CodeIgniter->runController(Object(App\Controllers\Videojuegos_controller))
 8 SYSTEMPATH\CodeIgniter.php(354): CodeIgniter\CodeIgniter->handleRequest(null, Object(Config\Cache), false)
 9 SYSTEMPATH\Boot.php(334): CodeIgniter\CodeIgniter->run()
10 SYSTEMPATH\Boot.php(67): CodeIgniter\Boot::runCodeIgniter(Object(CodeIgniter\CodeIgniter))
11 FCPATH\index.php(56): CodeIgniter\Boot::bootWeb(Object(Config\Paths))
DEBUG - 2025-06-19 03:34:33 --> Session: Class initialized using 'CodeIgniter\Session\Handlers\FileHandler' driver.
DEBUG - 2025-06-19 03:34:34 --> Session: Class initialized using 'CodeIgniter\Session\Handlers\FileHandler' driver.
DEBUG - 2025-06-19 03:34:36 --> Session: Class initialized using 'CodeIgniter\Session\Handlers\FileHandler' driver.
CRITICAL - 2025-06-19 03:34:36 --> CodeIgniter\View\Exceptions\ViewException: Invalid file: "Backend/layouts/main.php"
[Method: GET, Route: editar_videojuego/7]
in SYSTEMPATH\Exceptions\FrameworkException.php on line 39.
 1 SYSTEMPATH\View\View.php(212): CodeIgniter\Exceptions\FrameworkException::forInvalidFile('Backend/layouts/main.php')
 2 SYSTEMPATH\View\View.php(240): CodeIgniter\View\View->render('Backend/layouts/main', [], true)
 3 SYSTEMPATH\Common.php(1173): CodeIgniter\View\View->render('Backend/editar_juego', [], true)
 4 APPPATH\Controllers\Videojuegos_controller.php(106): view('Backend/editar_juego', [...])
 5 SYSTEMPATH\CodeIgniter.php(933): App\Controllers\Videojuegos_controller->form_editar_videojuego('7')
 6 SYSTEMPATH\CodeIgniter.php(507): CodeIgniter\CodeIgniter->runController(Object(App\Controllers\Videojuegos_controller))
 7 SYSTEMPATH\CodeIgniter.php(354): CodeIgniter\CodeIgniter->handleRequest(null, Object(Config\Cache), false)
 8 SYSTEMPATH\Boot.php(334): CodeIgniter\CodeIgniter->run()
 9 SYSTEMPATH\Boot.php(67): CodeIgniter\Boot::runCodeIgniter(Object(CodeIgniter\CodeIgniter))
10 FCPATH\index.php(56): CodeIgniter\Boot::bootWeb(Object(Config\Paths))
DEBUG - 2025-06-19 03:36:59 --> Session: Class initialized using 'CodeIgniter\Session\Handlers\FileHandler' driver.
DEBUG - 2025-06-19 03:37:00 --> Session: Class initialized using 'CodeIgniter\Session\Handlers\FileHandler' driver.
DEBUG - 2025-06-19 03:37:06 --> Session: Class initialized using 'CodeIgniter\Session\Handlers\FileHandler' driver.
DEBUG - 2025-06-19 03:37:09 --> Session: Class initialized using 'CodeIgniter\Session\Handlers\FileHandler' driver.
DEBUG - 2025-06-19 03:37:31 --> Session: Class initialized using 'CodeIgniter\Session\Handlers\FileHandler' driver.
DEBUG - 2025-06-19 03:37:34 --> Session: Class initialized using 'CodeIgniter\Session\Handlers\FileHandler' driver.
DEBUG - 2025-06-19 03:39:51 --> Session: Class initialized using 'CodeIgniter\Session\Handlers\FileHandler' driver.
DEBUG - 2025-06-19 03:39:56 --> Session: Class initialized using 'CodeIgniter\Session\Handlers\FileHandler' driver.
DEBUG - 2025-06-19 03:40:02 --> Session: Class initialized using 'CodeIgniter\Session\Handlers\FileHandler' driver.
DEBUG - 2025-06-19 03:40:57 --> Session: Class initialized using 'CodeIgniter\Session\Handlers\FileHandler' driver.
DEBUG - 2025-06-19 03:41:08 --> Session: Class initialized using 'CodeIgniter\Session\Handlers\FileHandler' driver.
DEBUG - 2025-06-19 03:41:53 --> Session: Class initialized using 'CodeIgniter\Session\Handlers\FileHandler' driver.
DEBUG - 2025-06-19 03:42:06 --> Session: Class initialized using 'CodeIgniter\Session\Handlers\FileHandler' driver.
DEBUG - 2025-06-19 03:42:10 --> Session: Class initialized using 'CodeIgniter\Session\Handlers\FileHandler' driver.
DEBUG - 2025-06-19 03:48:07 --> Session: Class initialized using 'CodeIgniter\Session\Handlers\FileHandler' driver.
DEBUG - 2025-06-19 03:48:09 --> Session: Class initialized using 'CodeIgniter\Session\Handlers\FileHandler' driver.
DEBUG - 2025-06-19 03:48:11 --> Session: Class initialized using 'CodeIgniter\Session\Handlers\FileHandler' driver.
CRITICAL - 2025-06-19 03:48:11 --> ParseError: syntax error, unexpected token "<", expecting "elseif" or "else" or "endif"
[Method: GET, Route: editar_videojuego/7]
in APPPATH\Views\Backend\editar_juego.php on line 15.
 1 SYSTEMPATH\View\View.php(227): CodeIgniter\View\View->CodeIgniter\View\{closure}()
 2 SYSTEMPATH\Common.php(1173): CodeIgniter\View\View->render('Backend/editar_juego', [], true)
 3 APPPATH\Controllers\Videojuegos_controller.php(106): view('Backend/editar_juego', [...])
 4 SYSTEMPATH\CodeIgniter.php(933): App\Controllers\Videojuegos_controller->form_editar_videojuego('7')
 5 SYSTEMPATH\CodeIgniter.php(507): CodeIgniter\CodeIgniter->runController(Object(App\Controllers\Videojuegos_controller))
 6 SYSTEMPATH\CodeIgniter.php(354): CodeIgniter\CodeIgniter->handleRequest(null, Object(Config\Cache), false)
 7 SYSTEMPATH\Boot.php(334): CodeIgniter\CodeIgniter->run()
 8 SYSTEMPATH\Boot.php(67): CodeIgniter\Boot::runCodeIgniter(Object(CodeIgniter\CodeIgniter))
 9 FCPATH\index.php(56): CodeIgniter\Boot::bootWeb(Object(Config\Paths))
DEBUG - 2025-06-19 03:48:14 --> Session: Class initialized using 'CodeIgniter\Session\Handlers\FileHandler' driver.
DEBUG - 2025-06-19 03:48:17 --> Session: Class initialized using 'CodeIgniter\Session\Handlers\FileHandler' driver.
CRITICAL - 2025-06-19 03:48:17 --> ParseError: syntax error, unexpected token "<", expecting "elseif" or "else" or "endif"
[Method: GET, Route: editar_videojuego/7]
in APPPATH\Views\Backend\editar_juego.php on line 15.
 1 SYSTEMPATH\View\View.php(227): CodeIgniter\View\View->CodeIgniter\View\{closure}()
 2 SYSTEMPATH\Common.php(1173): CodeIgniter\View\View->render('Backend/editar_juego', [], true)
 3 APPPATH\Controllers\Videojuegos_controller.php(106): view('Backend/editar_juego', [...])
 4 SYSTEMPATH\CodeIgniter.php(933): App\Controllers\Videojuegos_controller->form_editar_videojuego('7')
 5 SYSTEMPATH\CodeIgniter.php(507): CodeIgniter\CodeIgniter->runController(Object(App\Controllers\Videojuegos_controller))
 6 SYSTEMPATH\CodeIgniter.php(354): CodeIgniter\CodeIgniter->handleRequest(null, Object(Config\Cache), false)
 7 SYSTEMPATH\Boot.php(334): CodeIgniter\CodeIgniter->run()
 8 SYSTEMPATH\Boot.php(67): CodeIgniter\Boot::runCodeIgniter(Object(CodeIgniter\CodeIgniter))
 9 FCPATH\index.php(56): CodeIgniter\Boot::bootWeb(Object(Config\Paths))
DEBUG - 2025-06-19 03:51:15 --> Session: Class initialized using 'CodeIgniter\Session\Handlers\FileHandler' driver.
DEBUG - 2025-06-19 03:51:18 --> Session: Class initialized using 'CodeIgniter\Session\Handlers\FileHandler' driver.
DEBUG - 2025-06-19 03:51:20 --> Session: Class initialized using 'CodeIgniter\Session\Handlers\FileHandler' driver.
DEBUG - 2025-06-19 03:52:13 --> Session: Class initialized using 'CodeIgniter\Session\Handlers\FileHandler' driver.
DEBUG - 2025-06-19 03:52:15 --> Session: Class initialized using 'CodeIgniter\Session\Handlers\FileHandler' driver.
DEBUG - 2025-06-19 03:52:55 --> Session: Class initialized using 'CodeIgniter\Session\Handlers\FileHandler' driver.
DEBUG - 2025-06-19 03:53:23 --> Session: Class initialized using 'CodeIgniter\Session\Handlers\FileHandler' driver.
DEBUG - 2025-06-19 03:54:13 --> Session: Class initialized using 'CodeIgniter\Session\Handlers\FileHandler' driver.
DEBUG - 2025-06-19 03:54:19 --> Session: Class initialized using 'CodeIgniter\Session\Handlers\FileHandler' driver.
DEBUG - 2025-06-19 03:54:19 --> Session: Class initialized using 'CodeIgniter\Session\Handlers\FileHandler' driver.
DEBUG - 2025-06-19 03:54:23 --> Session: Class initialized using 'CodeIgniter\Session\Handlers\FileHandler' driver.
DEBUG - 2025-06-19 03:54:23 --> Session: Class initialized using 'CodeIgniter\Session\Handlers\FileHandler' driver.
DEBUG - 2025-06-19 03:54:49 --> Session: Class initialized using 'CodeIgniter\Session\Handlers\FileHandler' driver.
DEBUG - 2025-06-19 03:54:54 --> Session: Class initialized using 'CodeIgniter\Session\Handlers\FileHandler' driver.
DEBUG - 2025-06-19 03:55:12 --> Session: Class initialized using 'CodeIgniter\Session\Handlers\FileHandler' driver.
DEBUG - 2025-06-19 03:55:16 --> Session: Class initialized using 'CodeIgniter\Session\Handlers\FileHandler' driver.
DEBUG - 2025-06-19 03:55:23 --> Session: Class initialized using 'CodeIgniter\Session\Handlers\FileHandler' driver.
DEBUG - 2025-06-19 03:56:39 --> Session: Class initialized using 'CodeIgniter\Session\Handlers\FileHandler' driver.
DEBUG - 2025-06-19 03:57:25 --> Session: Class initialized using 'CodeIgniter\Session\Handlers\FileHandler' driver.
DEBUG - 2025-06-19 03:58:20 --> Session: Class initialized using 'CodeIgniter\Session\Handlers\FileHandler' driver.
DEBUG - 2025-06-19 03:59:14 --> Session: Class initialized using 'CodeIgniter\Session\Handlers\FileHandler' driver.
DEBUG - 2025-06-19 03:59:20 --> Session: Class initialized using 'CodeIgniter\Session\Handlers\FileHandler' driver.
DEBUG - 2025-06-19 03:59:22 --> Session: Class initialized using 'CodeIgniter\Session\Handlers\FileHandler' driver.
DEBUG - 2025-06-19 04:01:15 --> Session: Class initialized using 'CodeIgniter\Session\Handlers\FileHandler' driver.
CRITICAL - 2025-06-19 04:01:15 --> ParseError: syntax error, unexpected token "<", expecting "elseif" or "else" or "endif"
[Method: GET, Route: editar_videojuego/7]
in APPPATH\Views\Backend\editar_juego.php on line 37.
 1 SYSTEMPATH\View\View.php(227): CodeIgniter\View\View->CodeIgniter\View\{closure}()
 2 SYSTEMPATH\Common.php(1173): CodeIgniter\View\View->render('Backend/editar_juego', [], true)
 3 APPPATH\Controllers\Videojuegos_controller.php(106): view('Backend/editar_juego', [...])
 4 SYSTEMPATH\CodeIgniter.php(933): App\Controllers\Videojuegos_controller->form_editar_videojuego('7')
 5 SYSTEMPATH\CodeIgniter.php(507): CodeIgniter\CodeIgniter->runController(Object(App\Controllers\Videojuegos_controller))
 6 SYSTEMPATH\CodeIgniter.php(354): CodeIgniter\CodeIgniter->handleRequest(null, Object(Config\Cache), false)
 7 SYSTEMPATH\Boot.php(334): CodeIgniter\CodeIgniter->run()
 8 SYSTEMPATH\Boot.php(67): CodeIgniter\Boot::runCodeIgniter(Object(CodeIgniter\CodeIgniter))
 9 FCPATH\index.php(56): CodeIgniter\Boot::bootWeb(Object(Config\Paths))
DEBUG - 2025-06-19 04:01:19 --> Session: Class initialized using 'CodeIgniter\Session\Handlers\FileHandler' driver.
DEBUG - 2025-06-19 04:01:22 --> Session: Class initialized using 'CodeIgniter\Session\Handlers\FileHandler' driver.
DEBUG - 2025-06-19 04:01:24 --> Session: Class initialized using 'CodeIgniter\Session\Handlers\FileHandler' driver.
CRITICAL - 2025-06-19 04:01:24 --> ParseError: syntax error, unexpected token "<", expecting "elseif" or "else" or "endif"
[Method: GET, Route: editar_videojuego/7]
in APPPATH\Views\Backend\editar_juego.php on line 37.
 1 SYSTEMPATH\View\View.php(227): CodeIgniter\View\View->CodeIgniter\View\{closure}()
 2 SYSTEMPATH\Common.php(1173): CodeIgniter\View\View->render('Backend/editar_juego', [], true)
 3 APPPATH\Controllers\Videojuegos_controller.php(106): view('Backend/editar_juego', [...])
 4 SYSTEMPATH\CodeIgniter.php(933): App\Controllers\Videojuegos_controller->form_editar_videojuego('7')
 5 SYSTEMPATH\CodeIgniter.php(507): CodeIgniter\CodeIgniter->runController(Object(App\Controllers\Videojuegos_controller))
 6 SYSTEMPATH\CodeIgniter.php(354): CodeIgniter\CodeIgniter->handleRequest(null, Object(Config\Cache), false)
 7 SYSTEMPATH\Boot.php(334): CodeIgniter\CodeIgniter->run()
 8 SYSTEMPATH\Boot.php(67): CodeIgniter\Boot::runCodeIgniter(Object(CodeIgniter\CodeIgniter))
 9 FCPATH\index.php(56): CodeIgniter\Boot::bootWeb(Object(Config\Paths))
DEBUG - 2025-06-19 04:02:40 --> Session: Class initialized using 'CodeIgniter\Session\Handlers\FileHandler' driver.
DEBUG - 2025-06-19 04:02:41 --> Session: Class initialized using 'CodeIgniter\Session\Handlers\FileHandler' driver.
DEBUG - 2025-06-19 04:02:43 --> Session: Class initialized using 'CodeIgniter\Session\Handlers\FileHandler' driver.
DEBUG - 2025-06-19 04:02:56 --> Session: Class initialized using 'CodeIgniter\Session\Handlers\FileHandler' driver.
DEBUG - 2025-06-19 04:03:02 --> Session: Class initialized using 'CodeIgniter\Session\Handlers\FileHandler' driver.
DEBUG - 2025-06-19 04:03:06 --> Session: Class initialized using 'CodeIgniter\Session\Handlers\FileHandler' driver.
DEBUG - 2025-06-19 04:05:33 --> Session: Class initialized using 'CodeIgniter\Session\Handlers\FileHandler' driver.
DEBUG - 2025-06-19 04:05:34 --> Session: Class initialized using 'CodeIgniter\Session\Handlers\FileHandler' driver.
DEBUG - 2025-06-19 04:05:36 --> Session: Class initialized using 'CodeIgniter\Session\Handlers\FileHandler' driver.
DEBUG - 2025-06-19 04:05:54 --> Session: Class initialized using 'CodeIgniter\Session\Handlers\FileHandler' driver.
DEBUG - 2025-06-19 04:06:01 --> Session: Class initialized using 'CodeIgniter\Session\Handlers\FileHandler' driver.
DEBUG - 2025-06-19 04:06:05 --> Session: Class initialized using 'CodeIgniter\Session\Handlers\FileHandler' driver.
DEBUG - 2025-06-19 04:06:11 --> Session: Class initialized using 'CodeIgniter\Session\Handlers\FileHandler' driver.
DEBUG - 2025-06-19 04:06:14 --> Session: Class initialized using 'CodeIgniter\Session\Handlers\FileHandler' driver.
DEBUG - 2025-06-19 04:06:16 --> Session: Class initialized using 'CodeIgniter\Session\Handlers\FileHandler' driver.
DEBUG - 2025-06-19 04:07:44 --> Session: Class initialized using 'CodeIgniter\Session\Handlers\FileHandler' driver.
DEBUG - 2025-06-19 04:07:46 --> Session: Class initialized using 'CodeIgniter\Session\Handlers\FileHandler' driver.
DEBUG - 2025-06-19 04:07:47 --> Session: Class initialized using 'CodeIgniter\Session\Handlers\FileHandler' driver.
DEBUG - 2025-06-19 04:07:55 --> Entró a actualizar_videojuego con ID: 7
DEBUG - 2025-06-19 04:07:55 --> Session: Class initialized using 'CodeIgniter\Session\Handlers\FileHandler' driver.
DEBUG - 2025-06-19 04:08:02 --> Session: Class initialized using 'CodeIgniter\Session\Handlers\FileHandler' driver.
DEBUG - 2025-06-19 04:08:09 --> Session: Class initialized using 'CodeIgniter\Session\Handlers\FileHandler' driver.
DEBUG - 2025-06-19 04:08:17 --> Entró a actualizar_videojuego con ID: 7
DEBUG - 2025-06-19 04:08:17 --> Session: Class initialized using 'CodeIgniter\Session\Handlers\FileHandler' driver.
DEBUG - 2025-06-19 04:08:30 --> Session: Class initialized using 'CodeIgniter\Session\Handlers\FileHandler' driver.
DEBUG - 2025-06-19 04:08:37 --> Session: Class initialized using 'CodeIgniter\Session\Handlers\FileHandler' driver.
DEBUG - 2025-06-19 04:11:24 --> Session: Class initialized using 'CodeIgniter\Session\Handlers\FileHandler' driver.
DEBUG - 2025-06-19 04:11:28 --> Session: Class initialized using 'CodeIgniter\Session\Handlers\FileHandler' driver.
DEBUG - 2025-06-19 04:11:32 --> Session: Class initialized using 'CodeIgniter\Session\Handlers\FileHandler' driver.
DEBUG - 2025-06-19 04:11:37 --> Entró a actualizar_videojuego con ID: 7
DEBUG - 2025-06-19 04:11:37 --> Session: Class initialized using 'CodeIgniter\Session\Handlers\FileHandler' driver.
DEBUG - 2025-06-19 04:11:41 --> Session: Class initialized using 'CodeIgniter\Session\Handlers\FileHandler' driver.
DEBUG - 2025-06-19 04:12:36 --> Session: Class initialized using 'CodeIgniter\Session\Handlers\FileHandler' driver.
DEBUG - 2025-06-19 04:12:38 --> Session: Class initialized using 'CodeIgniter\Session\Handlers\FileHandler' driver.
DEBUG - 2025-06-19 04:12:43 --> Entró a actualizar_videojuego con ID: 7
DEBUG - 2025-06-19 04:12:43 --> Session: Class initialized using 'CodeIgniter\Session\Handlers\FileHandler' driver.
DEBUG - 2025-06-19 04:12:46 --> Session: Class initialized using 'CodeIgniter\Session\Handlers\FileHandler' driver.
DEBUG - 2025-06-19 04:13:29 --> Session: Class initialized using 'CodeIgniter\Session\Handlers\FileHandler' driver.
DEBUG - 2025-06-19 04:13:31 --> Session: Class initialized using 'CodeIgniter\Session\Handlers\FileHandler' driver.
DEBUG - 2025-06-19 04:13:31 --> Session: Class initialized using 'CodeIgniter\Session\Handlers\FileHandler' driver.
DEBUG - 2025-06-19 04:13:40 --> Session: Class initialized using 'CodeIgniter\Session\Handlers\FileHandler' driver.
DEBUG - 2025-06-19 04:13:42 --> Session: Class initialized using 'CodeIgniter\Session\Handlers\FileHandler' driver.
DEBUG - 2025-06-19 04:13:43 --> Session: Class initialized using 'CodeIgniter\Session\Handlers\FileHandler' driver.
DEBUG - 2025-06-19 04:13:47 --> Session: Class initialized using 'CodeIgniter\Session\Handlers\FileHandler' driver.
DEBUG - 2025-06-19 04:13:54 --> Session: Class initialized using 'CodeIgniter\Session\Handlers\FileHandler' driver.
DEBUG - 2025-06-19 04:13:56 --> Session: Class initialized using 'CodeIgniter\Session\Handlers\FileHandler' driver.
DEBUG - 2025-06-19 04:13:57 --> Session: Class initialized using 'CodeIgniter\Session\Handlers\FileHandler' driver.
DEBUG - 2025-06-19 04:13:58 --> Session: Class initialized using 'CodeIgniter\Session\Handlers\FileHandler' driver.
DEBUG - 2025-06-19 04:14:00 --> Session: Class initialized using 'CodeIgniter\Session\Handlers\FileHandler' driver.
DEBUG - 2025-06-19 04:14:05 --> Session: Class initialized using 'CodeIgniter\Session\Handlers\FileHandler' driver.
DEBUG - 2025-06-19 04:14:07 --> Session: Class initialized using 'CodeIgniter\Session\Handlers\FileHandler' driver.
DEBUG - 2025-06-19 04:14:11 --> Session: Class initialized using 'CodeIgniter\Session\Handlers\FileHandler' driver.
DEBUG - 2025-06-19 04:14:15 --> Session: Class initialized using 'CodeIgniter\Session\Handlers\FileHandler' driver.
DEBUG - 2025-06-19 04:14:17 --> Session: Class initialized using 'CodeIgniter\Session\Handlers\FileHandler' driver.
DEBUG - 2025-06-19 04:14:29 --> Session: Class initialized using 'CodeIgniter\Session\Handlers\FileHandler' driver.
DEBUG - 2025-06-19 04:15:01 --> Session: Class initialized using 'CodeIgniter\Session\Handlers\FileHandler' driver.
DEBUG - 2025-06-19 04:15:01 --> Session: Class initialized using 'CodeIgniter\Session\Handlers\FileHandler' driver.
DEBUG - 2025-06-19 04:15:16 --> Session: Class initialized using 'CodeIgniter\Session\Handlers\FileHandler' driver.
DEBUG - 2025-06-19 04:15:16 --> Session: Class initialized using 'CodeIgniter\Session\Handlers\FileHandler' driver.
DEBUG - 2025-06-19 04:15:21 --> Session: Class initialized using 'CodeIgniter\Session\Handlers\FileHandler' driver.
DEBUG - 2025-06-19 04:15:23 --> Session: Class initialized using 'CodeIgniter\Session\Handlers\FileHandler' driver.
DEBUG - 2025-06-19 04:15:26 --> Session: Class initialized using 'CodeIgniter\Session\Handlers\FileHandler' driver.
DEBUG - 2025-06-19 04:15:28 --> Session: Class initialized using 'CodeIgniter\Session\Handlers\FileHandler' driver.
DEBUG - 2025-06-19 04:16:35 --> Session: Class initialized using 'CodeIgniter\Session\Handlers\FileHandler' driver.
DEBUG - 2025-06-19 04:16:35 --> Session: Class initialized using 'CodeIgniter\Session\Handlers\FileHandler' driver.
DEBUG - 2025-06-19 04:16:46 --> Session: Class initialized using 'CodeIgniter\Session\Handlers\FileHandler' driver.
DEBUG - 2025-06-19 04:16:46 --> Session: Class initialized using 'CodeIgniter\Session\Handlers\FileHandler' driver.
DEBUG - 2025-06-19 04:16:50 --> Session: Class initialized using 'CodeIgniter\Session\Handlers\FileHandler' driver.
DEBUG - 2025-06-19 04:16:51 --> Session: Class initialized using 'CodeIgniter\Session\Handlers\FileHandler' driver.
DEBUG - 2025-06-19 04:16:52 --> Session: Class initialized using 'CodeIgniter\Session\Handlers\FileHandler' driver.
